id;name;allegiances;death_year;book_of_death;chapter_of_death;book_intro_chapter;gender;nobility;got;cok;sos;ffc;dwd
1;Addam Marbrand;Lannister;;;;56;1;1;1;1;1;1;0
2;Aegon Frey (Jinglebell);None;299;3;51;49;1;1;0;0;1;0;0
3;Aegon Targaryen;Targaryen;;;;5;1;1;0;0;0;0;1
4;Adrack Humble;Greyjoy;300;5;20;20;1;1;0;0;0;0;1
5;Aemon Costayne;Lannister;;;;;1;1;0;0;1;0;0
6;Aemon Estermont;Baratheon;;;;;1;1;0;1;1;0;0
7;Aemon Targaryen (son of Maekar I);Night's Watch;300;4;35;21;1;1;1;0;1;1;0
8;Aenys Frey;None;300;5;;59;0;1;1;1;1;0;1
9;Aeron Greyjoy;Greyjoy;;;;11;1;1;0;1;0;1;0
10;Aethan;Night's Watch;;;;0;1;0;0;0;1;0;0
11;Aggar;Greyjoy;299;2;56;50;1;0;0;1;0;0;0
12;Aggo;Targaryen;;;;54;1;0;1;1;1;0;1
13;Alan of Rosby;Night's Watch;300;5;4;18;1;1;0;1;1;0;1
14;Alayaya;None;;;;15;0;0;0;1;0;0;0
15;Albar Royce;Arryn;;;;38;1;1;1;0;0;1;0
16;Albett;Night's Watch;;;;26;1;0;1;0;0;0;0
17;Alebelly;Stark;299;2;46;4;1;0;0;1;0;0;0
18;Alerie Hightower;Tyrell;;;;6;0;1;0;0;1;1;0
19;Alesander Staedmon;Baratheon;;;;65;1;1;0;1;0;0;0
20;Alester Florent;Baratheon;300;4;;36;1;1;0;1;1;0;0
21;Alia of Braavos;None;;;;28;0;0;1;0;0;0;0
22;Alla Tyrell;Tyrell;;;;6;0;1;0;0;1;1;0
23;Allard Seaworth;Baratheon;299;2;10;10;1;1;0;1;0;0;0
24;Alliser Thorne;Night's Watch;;;;19;1;0;1;1;1;0;1
25;Alyn;Stark;298;3;34;12;1;0;1;0;0;0;0
26;Alyn Ambrose;Tyrell;;;;59;1;1;0;1;0;1;0
27;Alyn Estermont;Baratheon;;;;;1;1;0;1;1;0;0
28;Alyn Stackspear;Lannister;;;;16;1;1;0;0;0;1;0
29;Alys Karstark;Stark;;;;44;0;1;0;0;0;0;1
30;Alysane Mormont;Stark;;;;35;0;1;0;0;0;0;1
31;Alyx Frey;None;;;;49;1;1;0;0;1;0;0
32;Ambrode;Greyjoy;;;;24;1;0;0;1;0;0;0
33;Amory Lorch;Lannister;299;2;47;14;1;1;0;1;0;0;0
34;Andar Royce;Arryn;;;;29;1;1;1;0;0;0;0
35;Andrew Estermont;Baratheon;;;;36;1;1;0;0;1;0;0
36;Andrey Dalt;Martell;;;;21;1;1;0;0;0;1;0
37;Andrik;Greyjoy;;;;19;1;1;0;0;0;1;0
38;Anguy;None;;;;30;1;0;1;0;1;0;0
39;Antario Jast;Lannister;;;;32;1;1;0;1;0;0;0
40;Anvil Ryn;None;299;3;34;34;1;0;0;0;1;0;0
41;Anya Waynwood;Arryn;;;;38;0;1;1;0;0;1;0
42;Archibald Yronwood;Martell;;;;6;1;1;0;0;0;0;1
43;Ardrian Celtigar;Baratheon;;;;10;1;1;0;1;1;0;0
44;Areo Hotah;Martell;;;;2;1;0;0;0;0;1;1
45;Arianne Martell;Martell;;;;2;0;1;0;0;0;1;1
46;Arneld;Lannister;;;;59;1;0;0;1;0;0;0
47;Arnolf Karstark;Stark;;;;3;1;1;0;0;0;0;1
48;Aron Santagar;Lannister;299;2;41;18;1;1;1;1;0;0;0
49;Arron;Night's Watch;;;;75;1;0;0;0;1;0;1
50;Arron Qorgyle;Martell;;;;38;1;1;0;0;1;0;0
51;Arryk (Guard);Tyrell;;;;6;1;0;0;0;1;1;0
52;Arson;Wildling;;;;26;1;0;0;0;1;0;0
53;Arthor Karstark;Stark;;;;62;1;1;0;0;0;0;1
54;Arwyn Frey;None;;;;49;0;1;0;0;1;0;0
55;Arwyn Oakheart;Tyrell;;;;22;0;1;0;1;0;0;0
56;Arya Stark;Stark;;;;2;0;1;1;1;1;1;1
57;Arys Oakheart;Lannister;300;4;21;57;1;1;1;1;0;1;0
58;Asha Greyjoy;Greyjoy;;;;11;0;1;0;1;0;1;1
59;Aurane Waters;Lannister;;;;65;1;0;0;1;0;1;0
60;Axell Florent;Baratheon;;;;0;1;1;0;1;1;0;1
61;Azzak;None;;;;2;1;1;0;0;0;0;1
62;Ballabar;Lannister;;;;4;1;0;0;1;0;0;0
63;Balon Swann;Lannister;;;;29;1;1;1;1;1;1;1
64;Bannen;Night's Watch;299;3;33;0;1;0;0;0;1;0;0
65;Barbrey Dustin;Stark;;;;26;0;1;0;0;0;0;1
66;Barra;None;299;2;39;35;0;0;1;0;0;0;0
67;Barristan Selmy;Targaryen;;;;15;1;1;1;1;1;0;1
68;Barsena;None;300;5;52;11;0;0;0;0;0;0;1
69;Barth (brewer);Stark;;;;50;1;0;0;1;0;0;0
70;Bass;Night's Watch;;;;52;1;0;1;0;0;0;0
71;Bayard Norcross;Tyrell;;;;28;1;1;0;0;0;1;0
72;Bearded Ben;Night's Watch;;;;;1;0;0;0;0;1;0
73;Becca;Arryn;;;;12;0;0;1;0;0;0;0
74;Becca the Baker;None;299;3;34;34;0;0;0;0;1;0;0
75;Bedwyck;Night's Watch;;;;13;1;0;0;1;1;0;1
76;Belaquo;None;;;;52;1;0;0;0;0;0;1
77;Bella;None;;;;29;0;0;0;0;1;0;0
78;Bellegere Otherys (courtesan);None;;;;34;0;1;0;0;0;1;0
79;Bellonara Otherys;None;;;;34;0;1;0;0;0;1;0
80;Belwas;Targaryen;;;;63;1;0;0;1;1;0;1
81;Ben;None;;;;37;1;0;0;0;0;1;0
82;Ben Bones;None;;;;12;1;0;0;0;0;0;1
83;Ben Plumm;None;;;;57;1;0;0;0;1;0;1
84;Benedar Belmore;Arryn;;;;23;1;1;0;0;0;1;0
85;Benfred Tallhart;Stark;299;2;37;16;1;1;0;1;0;0;0
86;Benfrey Frey;None;299;5;51;51;1;1;0;0;1;0;0
87;Benjen Stark;Night's Watch;298;1;24;5;1;1;1;0;0;0;0
88;Bennet;None;300;4;31;31;1;0;0;0;0;1;0
89;Beric Dondarrion;None;300;4;27;42;1;1;1;0;1;0;0
90;Bessa (Winterfell);Stark;;;;37;0;0;1;0;0;0;0
91;Beth Cassel;Stark;;;;7;0;1;1;1;0;0;0
92;Bhakaz zo Loraq;None;;;;2;1;1;0;0;0;0;1
93;Big Boil;Wildling;;;;41;1;0;0;0;1;0;0
94;Big Walder Frey;None;;;;;1;1;1;1;0;0;1
95;Biter;None;300;4;37;1;1;0;0;1;0;1;0
96;Black Bernarr;Night's Watch;;;;18;1;0;0;0;1;0;1
97;Black Walder Frey;None;;;;35;1;1;0;0;1;0;0
98;Blane;Night's Watch;;;;23;1;0;0;1;0;0;0
99;Bloodbeard;None;;;;25;1;0;0;0;0;0;1
100;Blue Bard;Tyrell;;;;12;1;0;0;0;0;1;0
101;Bonifer Hasty;Lannister;;;;65;1;1;0;1;0;1;0
102;Borcas;Night's Watch;;;;48;1;0;1;0;0;0;0
103;Boremund Harlaw;Greyjoy;;;;11;1;1;0;0;0;1;0
104;Boros Blount;Baratheon;;;;8;1;1;1;1;1;1;1
105;Borroq;Wildling;;;;0;1;0;0;0;0;0;1
106;Bowen Marsh;Night's Watch;;;;21;1;0;1;0;1;0;1
107;Bran Stark;Stark;;;;1;1;1;1;1;1;0;1
108;Brandon Norrey;Stark;;;;49;1;1;0;0;0;0;1
109;Brenett;None;;;;49;1;0;0;0;1;0;0
110;Brienne of Tarth;Stark;;;;22;0;1;0;1;1;1;1
111;Bronn;Lannister;;;;28;1;1;1;1;1;0;0
112;Brown Bernarr;Night's Watch;299;3;33;23;1;0;0;1;1;0;0
113;Brusco;None;;;;22;1;0;0;0;0;1;1
114;Bryan Fossoway;Baratheon;299;2;62;42;1;1;1;1;0;0;0
115;Bryce Caron;Baratheon;299;2;65;29;1;1;1;1;0;0;0
116;Bryen;None;;;;68;1;0;0;0;1;0;0
117;Bryen Farring;Baratheon;300;5;62;10;1;1;0;1;0;0;1
118;Brynden Rivers;Targaryen;;;;34;1;1;0;0;0;0;1
119;Brynden Tully;Tully;;;;2;1;1;1;1;1;1;0
120;Burton Crakehall;Lannister;299;2;7;55;1;1;1;1;0;0;0
121;Butterbumps;Tyrell;;;;6;1;0;0;0;1;0;0
122;Byam Flint;Night's Watch;299;3;33;33;1;0;0;0;1;0;0
123;Byan Votyris;None;;;;54;1;0;1;0;0;0;0
124;Byron;Arryn;;;;41;1;0;0;0;0;1;0
125;Cadwyn;Lannister;;;;47;1;0;0;1;0;0;0
126;Caleotte;Martell;;;;2;1;0;0;0;0;1;1
127;Catelyn Tully;Stark;299;3;51;2;0;1;1;1;1;0;0
128;Cayn;Stark;298;1;49;4;1;0;1;0;0;0;0
129;Cellador;Night's Watch;;;;48;1;0;1;0;1;0;1
130;Cersei Frey;None;;;;49;0;1;0;0;1;0;0
131;Cersei Lannister;Lannister;;;;4;0;1;1;1;1;1;1
132;Chataya;None;;;;15;0;0;0;1;0;0;0
133;Chayle;Stark;299;2;50;9;1;0;1;1;0;0;0
134;Chella;Lannister;;;;56;0;0;1;1;1;0;0
135;Chett;Night's Watch;299;3;46;41;1;0;1;1;1;0;0
136;Chiggen;Lannister;298;1;42;31;1;0;1;0;0;0;0
137;Chiswyck;None;299;2;30;26;1;0;0;1;0;0;0
138;Clayton Suggs;Baratheon;;;;17;1;0;0;0;0;0;1
139;Clement Piper;Tully;;;;38;1;1;0;0;0;1;0
140;Cleos Frey;None;299;3;21;7;1;1;0;1;1;0;0
141;Cley Cerwyn;Stark;299;2;66;16;1;1;0;1;0;0;0
142;Clubfoot Karl;Night's Watch;300;5;4;0;1;0;0;0;1;0;1
143;Clydas;Night's Watch;;;;41;1;0;1;0;1;1;1
144;Cohollo;None;298;1;64;11;1;0;1;0;0;0;0
145;Coldhands;None;;;;46;1;0;0;0;1;0;1
146;Colemon;Arryn;;;;34;1;0;1;0;1;1;0
147;Colen of Greenpools;Baratheon;;;;22;1;1;0;1;0;0;0
148;Conn;Lannister;298;1;62;42;1;0;1;0;0;0;0
149;Conwy;Night's Watch;;;;6;1;0;0;1;0;0;0
150;Corliss Penny;Baratheon;;;;26;1;0;0;0;0;0;1
151;Cortnay Penrose;Baratheon;299;2;42;31;1;1;0;1;0;0;0
152;Cotter Pyke;Night's Watch;;;;48;1;0;0;0;1;0;0
153;Cragorn;Greyjoy;300;4;29;19;1;0;0;0;0;1;0
154;Craster;None;299;3;33;23;1;0;0;1;1;0;0
155;Cregan Karstark;Stark;;;;44;1;1;0;0;0;0;1
156;Creighton Longbough;None;;;;4;1;0;0;0;0;1;0
157;Cressen;Baratheon;299;1;0;0;1;0;0;1;0;0;0
158;Cuger;Night's Watch;;;;;1;0;1;0;0;0;0
159;Cutjack;None;;;;5;1;0;0;1;0;0;0
160;Daario Naharis;Targaryen;;;;42;1;0;0;0;1;0;1
161;Dacey Mormont;Stark;299;3;51;63;0;1;1;0;1;0;0
162;Daemon Sand;Martell;;;;38;1;0;0;0;1;0;1
163;Daenerys Targaryen;Targaryen;;;;3;0;1;1;1;1;0;1
164;Dagon Codd;Greyjoy;300;5;20;20;1;1;0;0;0;0;1
165;Dagmer;Greyjoy;;;;11;1;0;0;1;0;0;0
166;Dalbridge;Night's Watch;299;2;53;43;1;0;0;1;0;0;0
167;Dale Seaworth;Baratheon;299;2;58;10;1;1;0;1;0;0;0
168;Dalla;Wildling;300;3;76;73;0;1;0;0;1;0;0
169;Dalla (Dragonstone);Baratheon;;;;0;0;0;0;1;0;0;0
170;Damon Dance-for-Me;None;;;;12;1;0;0;0;0;0;1
171;Damon Vypren;None;;;;49;1;1;0;0;1;0;0
172;Dancy;None;;;;29;0;0;0;1;0;0;0
173;Danwell Frey;None;;;;59;1;1;1;1;1;1;0
174;Dareon;Night's Watch;300;4;34;19;1;0;1;0;0;1;0
175;Daryn Hornwood;Stark;298;1;63;63;1;1;1;0;0;0;0
176;Daven Lannister;Lannister;;;;12;1;1;0;0;0;1;0
177;Davos Seaworth;Baratheon;;;;0;1;1;0;1;1;0;1
178;Del;Wildling;299;3;41;41;1;0;0;0;1;0;0
179;Delp;Tully;299;3;20;39;1;0;0;1;1;0;0
180;Denys Drumm;Greyjoy;;;;19;1;1;0;0;0;1;0
181;Denys Mallister;Night's Watch;;;;48;1;1;0;0;1;0;0
182;Dermot;Baratheon;;;;65;1;0;0;1;0;1;0
183;Desmond;Stark;298;1;50;1;1;0;1;0;0;0;0
184;Desmond Grell;Tully;;;;7;1;1;0;1;1;1;0
185;Devan Seaworth;Baratheon;;;;10;1;1;0;1;1;0;1
186;Deziel Dalt;Martell;;;;38;1;1;0;0;1;0;1
187;Dhazzar;None;;;;2;1;1;0;0;0;0;1
188;Dick Crabb;None;300;4;20;9;1;0;0;0;0;1;0
189;Dick Follard;Night's Watch;299;3;55;41;1;0;0;0;1;0;0
190;Dickon Manwoody;Martell;;;;38;1;1;0;0;1;0;0
191;Dirk;Night's Watch;300;5;4;0;1;0;0;0;1;0;1
192;Dobber;None;299;2;14;5;1;0;0;1;0;0;0
193;Donal Noye;Night's Watch;300;3;64;19;1;0;1;1;1;0;0
194;Donella Hornwood;Stark;299;2;35;16;0;1;0;1;0;0;0
195;Donnel Drumm;Greyjoy;;;;19;1;1;0;0;0;1;0
196;Donnel Haigh;None;;;;49;1;1;0;0;1;0;0
197;Donnel Hill;Night's Watch;;;;0;1;0;0;0;1;0;1
198;Donnel Locke;Stark;299;3;51;25;1;1;0;1;1;0;0
199;Donnel Waynwood;Tully;;;;34;1;1;1;0;0;0;0
200;Donnis;Stark;;;;7;1;0;1;0;0;0;0
201;Dontos Hollard;None;300;3;61;57;1;1;1;1;1;0;0
202;Donyse;None;;;;72;0;0;0;0;1;0;0
203;Doran Martell;Martell;;;;2;1;1;0;0;0;1;1
204;Doreah;Targaryen;299;2;12;11;0;0;1;1;0;0;0
205;Dornish Dilly;Night's Watch;299;3;55;55;1;0;0;0;1;0;0
206;Draqaz;None;;;;2;1;1;0;0;0;0;1
207;Drennan;Greyjoy;299;2;50;50;1;0;0;1;0;0;0
208;Drogo;Targaryen;298;1;64;3;1;1;1;0;0;0;0
209;Dudley;Stark;299;3;34;34;1;0;0;0;1;0;0
210;Dunsen;None;;;;26;1;0;0;1;0;0;0
211;Dunstan Drumm;Greyjoy;;;;19;1;1;0;0;0;1;0
212;Duram Bar Emmon;Baratheon;;;;0;1;1;0;1;0;0;0
213;Dykk Harlaw;Greyjoy;299;2;66;66;1;0;0;1;0;0;0
214;Dywen;Night's Watch;;;;48;1;0;1;1;1;0;1
215;Easy;Night's Watch;300;3;55;55;1;0;0;0;1;0;0
216;Ebben;Night's Watch;299;2;68;43;1;0;0;1;0;0;0
217;Eddard Karstark;Stark;298;1;63;53;1;1;1;0;0;0;0
218;Eddard Stark;Stark;299;1;65;1;1;1;1;0;0;0;0
219;Eddison Tollett;Night's Watch;;;;13;1;0;0;1;1;1;1
220;Edmure Tully;Tully;;;;28;1;1;1;1;1;1;0
221;Edric Dayne;None;;;;34;1;1;0;0;1;0;0
222;Edric Storm;Baratheon;;;;10;1;0;0;0;1;0;0
223;Edwyn Frey;None;;;;38;1;1;0;0;1;1;0
224;Eggon;None;;;;30;1;0;0;1;0;0;0
225;Elder Brother;None;;;;31;1;0;0;0;0;1;0
226;Eldred Codd;Greyjoy;;;;18;1;1;0;0;0;1;0
227;Eleyna Westerling;Stark;;;;45;0;1;0;0;1;1;0
228;Elinor Tyrell;Tyrell;;;;6;0;1;0;0;1;1;0
229;Ellaria Sand;Martell;;;;38;0;1;0;0;1;0;1
230;Elmar Frey;None;;;;59;1;1;1;1;1;0;0
231;Elyas Willum;Baratheon;;;;22;1;1;0;1;0;0;0
232;Emmon Cuy;Baratheon;299;2;42;33;1;1;0;1;0;0;0
233;Emmon Frey;Lannister;;;;29;1;1;1;0;0;1;0
234;Emmond;Greyjoy;;;;1;1;0;0;0;0;1;0
235;Emrick;Night's Watch;;;;75;1;0;0;0;1;0;1
236;Endehar;Greyjoy;;;;56;1;0;0;1;0;0;0
237;Elwood;Tully;299;3;20;20;1;0;0;0;1;0;0
238;Endrew Tarth;Night's Watch;299;3;69;60;1;0;1;0;1;0;0
239;Enger;Tully;;;;39;1;0;0;1;0;0;0
240;Eon Hunter;Arryn;300;3;80;38;1;1;1;0;1;0;0
241;Erik Ironmaker;Greyjoy;;;;19;1;1;0;0;0;1;0
242;Ermesande Hayford;None;;;;2;0;1;0;1;1;1;0
243;Eroeh;Targaryen;298;1;68;61;1;0;1;0;0;0;0
244;Erreck;None;;;;12;1;0;0;0;1;0;0
245;Erryk (Guard);Tyrell;;;;6;1;0;0;0;1;1;0
246;Esgred;Greyjoy;;;;24;1;0;0;1;0;0;0
247;Ezzara;Targaryen;;;;30;0;0;0;0;0;0;1
248;Falia Flowers;Greyjoy;;;;29;0;0;0;0;0;1;0
249;Falyse Stokeworth;Lannister;300;5;36;2;0;1;0;1;0;1;0
250;Farlen;Stark;299;2;56;46;1;0;0;1;0;0;0
251;Fat Walda Frey;None;;;;37;0;1;0;0;1;0;1
252;Flement Brax;Lannister;;;;56;1;1;1;0;1;1;0
253;Fletcher Will;None;299;3;34;34;1;0;0;0;1;0;0
254;Fogo;None;298;1;61;46;1;1;1;0;0;0;0
255;Forley Prester;Lannister;;;;33;1;1;0;0;0;1;0
256;Fornio;Night's Watch;;;;33;1;0;0;0;1;0;0
257;Frenken;Lannister;;;;15;1;0;0;1;1;0;0
258;Frenya;Wildling;300;5;69;37;0;0;0;0;0;0;1
259;Frynne;Martell;;;;40;0;0;0;0;0;1;0
260;Gage;Stark;;;;4;1;1;0;1;0;0;0
261;Galazza Galare;None;;;;23;0;1;0;0;0;0;1
262;Galbart Glover;Stark;;;;55;1;1;1;0;1;0;0
263;Gared;Night's Watch;297;1;1;0;1;0;1;0;0;0;0
264;Garin (Orphan);Martell;;;;21;1;0;0;0;0;1;0
265;Gariss;Stark;;;;50;1;0;0;1;0;0;0
266;Garlan Tyrell;Tyrell;;;;62;1;1;0;1;1;1;0
267;Garrett Paege;Lannister;;;;30;1;1;0;0;0;1;0
268;Garse Goodbrook;None;299;3;;;1;1;0;0;1;0;0
269;Garth Greyfeather;Night's Watch;300;5;31;48;1;0;0;0;1;0;1
270;Garth of Greenaway;Night's Watch;300;5;4;33;1;0;0;0;1;0;1
271;Garth of Oldtown;Night's Watch;299;3;33;33;1;0;0;0;1;0;0
272;Gawen Westerling;Stark;;;;33;1;1;0;0;0;1;0
273;Gelmarr;Greyjoy;299;2;56;50;1;0;0;1;0;0;0
274;Gendry;None;;;;27;1;0;1;1;1;1;0
275;Genna Lannister;Lannister;;;;33;0;1;0;0;0;1;0
276;Gerald Gower;Baratheon;;;;54;1;1;0;0;1;0;0
277;Gerold Dayne;Martell;;;;13;1;1;0;0;0;1;0
278;Gerren;None;299;2;19;14;1;0;0;1;0;0;0
279;Gerris Drinkwater;Martell;;;;6;1;1;0;0;0;0;1
280;Gevin Harlaw;Greyjoy;299;2;66;37;1;1;0;1;0;0;0
281;Ghael;None;;;;71;1;0;0;0;1;0;1
282;Ghost of High Heart;None;;;;22;0;0;0;0;1;0;0
283;Gillam;None;;;;31;1;0;0;0;0;1;0
284;Gilly;Wildling;;;;23;0;0;0;1;1;1;1
285;Gilwood Hunter;Arryn;;;;80;1;1;0;0;1;0;0
286;Gladden Wylde;Stark;298;1;55;43;1;1;1;0;0;0;0
287;Glendon Hewett;Night's Watch;;;;69;1;0;0;0;1;0;0
288;Goady;Night's Watch;;;;0;1;0;0;0;1;0;0
289;Godric Borrell;None;;;;9;1;1;0;0;0;0;1
290;Godry Farring;Baratheon;;;;3;1;1;0;0;0;0;1
291;Godwyn;Lannister;;;;32;1;0;1;0;0;0;0
292;Goghor;None;;;;52;1;0;0;0;0;0;1
293;Gormond Goodbrother;Greyjoy;;;;1;1;1;0;0;0;1;0
294;Gorold Goodbrother;Greyjoy;;;;1;1;1;0;0;0;1;0
295;Gran Goodbrother;Greyjoy;;;;1;1;1;0;0;0;1;0
296;Grazdan;None;299;3;27;27;1;1;0;0;1;0;0
297;Grazdan mo Eraz;None;;;;42;1;1;0;0;1;0;0
298;Grazdan mo Ullhor;None;299;3;27;27;1;1;0;0;1;0;0
299;Grazdan zo Galare;None;;;;2;1;1;0;0;0;0;1
300;Grazdar zo Galare;None;;;;2;1;1;0;0;0;0;1
301;Gregor Clegane;Lannister;300;4;72;29;1;1;1;1;1;0;0
302;Grenn;Night's Watch;;;;19;1;0;1;1;1;1;1
303;Grey Worm;Targaryen;;;;42;1;0;0;0;1;0;1
304;Greydon Goodbrother;Greyjoy;;;;1;1;1;0;0;0;1;0
305;Grigg;Wildling;;;;30;1;0;0;0;1;0;0
306;Grisel;None;;;;68;0;0;0;0;1;0;0
307;Groleo;Targaryen;300;5;59;;1;0;0;0;1;0;1
308;Grubbs;Night's Watch;300;5;4;0;1;0;0;0;1;0;1
309;Grunt;None;;;;12;1;0;0;0;0;0;1
310;Gueren;Night's Watch;;;;38;1;0;1;0;0;0;0
311;Guncer Sunglass;Baratheon;299;3;10;0;1;1;0;1;1;0;0
312;Guyard Morrigen;Baratheon;299;2;62;22;1;1;0;1;0;0;0
313;Gwin Goodbrother;Greyjoy;;;;1;0;1;0;0;0;1;0
314;Gylbert Farwynd;Greyjoy;;;;19;1;1;0;0;0;1;0
315;Gyles Farwynd;Greyjoy;;;;19;1;1;0;0;0;1;0
316;Gyles Grafton;Arryn;;;;41;1;1;0;0;0;1;0
317;Gyles Rosby;Lannister;300;4;39;57;1;1;1;1;1;1;0
318;Gynir;Greyjoy;299;2;56;50;1;0;0;1;0;0;0
319;Gysella Goodbrother;Greyjoy;;;;1;0;1;0;0;0;1;0
320;Haggo;None;298;1;64;11;1;0;1;0;0;0;0
321;Hairy Hal;Night's Watch;300;5;31;55;1;0;0;0;1;1;1
322;Hake;Night's Watch;299;3;46;52;1;0;1;1;1;0;0
323;Halder;Night's Watch;;;;19;1;0;1;0;1;0;0
324;Haldon;Targaryen;;;;8;1;0;0;0;0;0;1
325;Hali;Wildling;298;1;37;37;0;0;1;0;0;0;0
326;Hallis Mollen;Stark;;;;14;1;1;1;1;0;0;0
327;Hallyne;Lannister;;;;17;1;0;0;1;0;1;0
328;Halys Hornwood;Stark;298;1;62;53;1;1;1;0;0;0;0
329;Hamish the Harper;None;300;5;43;32;1;0;0;0;1;1;0
330;Hareth (Mole's Town);Night's Watch;;;;64;1;0;0;0;1;0;1
331;Harghaz;None;300;5;70;52;1;0;0;0;0;0;1
332;Harma;Wildling;300;3;75;0;0;1;0;0;1;0;0
333;Harmund Sharp;Greyjoy;;;;19;1;1;0;0;0;1;0
334;Harmune;Night's Watch;;;;78;1;0;0;0;0;0;1
335;Harra;None;299;2;64;26;0;0;0;1;0;0;0
336;Harrag Sharp;Greyjoy;299;5;19;66;1;1;0;1;0;1;0
337;Harras Harlaw;Greyjoy;;;;11;1;1;0;0;0;1;0
338;Harwood Fell;Baratheon;300;5;42;17;1;1;0;0;0;0;1
339;Hazzea;None;300;5;11;11;0;0;0;0;0;0;1
340;Harrion Karstark;Stark;;;;53;1;1;1;1;0;0;0
341;Harry Strickland;None;;;;24;1;0;0;0;0;0;1
342;Harwin;Stark;;;;1;1;0;1;0;1;1;0
343;Harwood Stout;Stark;;;;32;1;1;0;0;0;0;1
344;Harys Haigh;None;;;;64;1;1;0;1;1;0;0
345;Harys Swyft;Lannister;;;;69;1;1;1;1;1;1;1
346;Helman Tallhart;Stark;299;3;37;55;1;1;1;0;1;0;0
347;Henly (Maester);None;;;;37;1;0;0;0;0;0;1
348;Heward;Stark;298;1;35;35;1;0;1;0;0;0;0
349;High Sparrow;None;;;;4;1;0;0;0;0;1;1
350;Hobb;Night's Watch;;;;52;1;0;1;0;1;0;1
351;Hobber Redwyne;Tyrell;;;;27;1;1;1;1;1;1;0
352;Hod;None;;;;5;1;0;0;1;0;0;0
353;Hodor;Stark;;;;24;1;0;1;1;1;0;1
354;Holger;None;;;;49;1;0;0;1;0;0;0
355;Holly;Wildling;300;5;69;37;0;0;0;0;0;0;1
356;Hop-Robin;Night's Watch;;;;75;1;0;0;0;1;0;1
357;Horas Redwyne;Tyrell;;;;27;1;1;1;1;0;1;0
358;Horton Redfort;Arryn;;;;23;1;1;0;0;0;1;0
359;Hosteen Frey;None;;;;59;1;1;1;1;1;0;1
360;Hoster Tully;Tully;299;3;35;71;1;1;1;1;1;0;0
361;Hot Pie;None;;;;1;1;0;0;1;1;0;0
362;Hother Umber;Stark;;;;16;1;1;0;1;0;0;1
363;Howd Wanderer;Wildling;;;;58;1;1;0;0;0;0;1
364;Hubard Rambton;Baratheon;299;5;10;10;1;1;0;1;0;0;0
365;Hugh;Arryn;298;1;29;25;1;0;1;0;0;0;0
366;Hugo Vance;Tully;;;;30;1;1;0;0;0;1;0
367;Hullen;Stark;298;1;50;1;1;0;1;0;0;0;0
368;Humfrey Swyft;Lannister;;;;16;1;1;0;0;0;1;0
369;Husband;None;;;;11;1;0;0;0;1;0;0
370;Hyle Hunt;None;300;4;42;14;1;1;0;0;0;1;0
371;Iggo;None;299;3;3;3;1;0;0;0;1;0;0
372;Illyrio Mopatis;Targaryen;;;;3;1;1;1;0;0;0;1
373;Ilyn Payne;Lannister;;;;15;1;1;1;1;1;1;0
374;Imry Florent;Baratheon;299;3;4;58;1;1;0;1;1;0;0
375;Iron Emmett;Night's Watch;;;;79;1;0;0;0;1;0;1
376;Irri;Targaryen;;;;11;0;0;1;1;1;0;1
377;Ithoke;None;;;;11;1;0;0;0;0;0;1
378;Jacelyn Bywater;Lannister;299;2;19;8;0;1;0;1;0;0;0
379;Jack Bulwer;Night's Watch;300;5;31;64;1;0;0;0;1;1;1
380;Jack-Be-Lucky;None;;;;17;1;0;0;0;1;1;0
381;Jacks;Stark;;;;22;1;0;1;1;0;0;0
382;Jaggot;None;;;;42;1;0;1;0;0;0;0
383;Jaime Lannister;Lannister;;;;5;1;1;1;1;1;1;1
384;Jalabhar Xho;None;;;;29;1;1;1;1;1;1;0
385;Janna Tyrell;Tyrell;;;;6;0;1;0;0;1;1;0
386;Janos Slynt;None;300;5;7;27;1;1;1;1;1;0;1
387;Jaqen H'ghar;None;;;;5;1;0;0;1;0;1;0
388;Jared Frey;None;300;5;37;59;1;1;1;1;0;0;1
389;Jaremy Rykker;Night's Watch;298;5;60;21;1;1;1;0;0;0;0
390;Jarl;Wildling;299;3;26;7;1;0;0;0;1;0;0
391;Jarman Buckwell;Night's Watch;300;5;21;13;1;0;0;1;0;0;1
392;Jason Mallister;Stark;;;;28;1;1;1;0;1;0;0
393;Jate;Lannister;;4;44;44;1;0;0;0;0;1;0
394;Jate Blackberry;Baratheon;;3;10;10;1;0;0;0;1;0;0
395;Jeor Mormont;Night's Watch;299;3;33;48;1;1;1;1;1;0;0
396;Jeren;Night's Watch;;;;19;1;0;1;0;0;0;0
397;Jeyne Poole;Stark;;;;7;0;1;1;0;1;0;1
398;Jeyne Westerling;Stark;;;;14;0;1;0;0;1;1;0
399;Jhaqo;None;;;;68;1;1;1;0;0;0;1
400;Jhezane;None;;;;2;0;1;0;0;0;0;1
401;Jhiqui;Targaryen;;;;11;0;0;1;1;1;0;1
402;Jhogo;Targaryen;;;;23;1;0;1;1;1;0;1
403;Jocelyn Swyft;Lannister;;;;3;0;1;0;0;0;1;1
404;Jodge;Lannister;;;;30;1;0;0;1;0;0;0
405;Jojen Reed;Stark;;;;21;1;1;0;1;1;0;1
406;Jommy;Baratheon;;;;0;1;0;0;1;0;0;0
407;Jon Bettley;Lannister;;;;16;1;1;0;0;0;1;0
408;Jon Connington;Targaryen;;;;5;1;1;0;0;0;0;1
409;Jon Fossoway;Baratheon;;;;22;1;1;0;1;0;0;0
410;Jon Snow;Night's Watch;;;;1;1;1;1;1;1;1;1
411;Jon Umber (Greatjon);Stark;;;;51;1;1;1;1;1;0;0
412;Joffrey Baratheon;Lannister;300;3;60;5;1;1;1;1;1;0;0
413;Jon Umber (Smalljon);Stark;299;3;51;63;1;1;1;0;1;0;0
414;Jonelle Cerwyn;Stark;;;;53;0;1;1;0;0;0;0
415;Jonos Bracken;Tully;;;;28;1;1;1;0;1;0;1
416;Jorah Mormont;Targaryen;;;;23;1;1;1;1;1;0;1
417;Jory Cassel;Stark;298;1;35;1;1;1;1;0;0;0;0
418;Joseran;Greyjoy;;;;11;1;0;0;0;0;1;0
419;Joseth;Stark;;;;37;1;0;1;1;0;0;0
420;Josmyn Peckledon;Lannister;;;;65;1;0;0;1;1;1;1
421;Joss;None;;;;43;1;0;1;0;0;0;0
422;Joss Stilwood;Lannister;;;;;1;0;1;0;0;0;0
423;Josua Willum;Baratheon;;;;22;1;1;0;1;0;0;0
424;Jothos Slynt;Lannister;;;;66;1;1;0;0;1;0;0
425;Joyeuse Erenford;None;;;;28;0;1;1;0;1;0;0
426;Justin Massey;Baratheon;;;;7;1;1;0;0;0;0;1
427;Jyck;Lannister;298;1;31;21;1;0;1;0;0;0;0
428;Jynessa Blackmont;Martell;;;;38;0;1;0;0;1;0;0
429;Karyl Vance;Tully;;;;43;1;1;1;0;1;1;0
430;Kedge Whiteye;Night's Watch;;;;43;1;0;0;1;1;1;0
431;Kella;None;;;;68;0;0;0;0;1;0;0
432;Kennos of Kayce;Lannister;;;;6;1;1;0;0;1;1;1
433;Ketter;Night's Watch;;;;52;1;0;1;0;0;0;0
434;Kenned;Greyjoy;299;2;66;66;1;0;0;1;0;0;0
435;Kerwin;Tyrell;300;5;56;29;1;0;0;0;0;1;1
436;Kevan Lannister;Lannister;300;5;;56;1;1;1;1;1;1;1
437;Kezmya;None;;;;2;0;1;0;0;0;0;1
438;Khorane Sathmantes;None;;;;10;1;0;0;0;1;0;0
439;Khrazz;None;300;5;67;11;1;0;0;0;0;0;1
440;Kindly man;None;;;;6;1;0;0;0;0;1;1
441;Kojja Mo;None;;;;35;0;0;0;0;0;1;0
442;Koss;Night's Watch;299;2;14;5;1;0;0;1;0;0;0
443;Kraznys mo Nakloz;None;299;3;27;23;1;1;0;0;1;0;0
444;Kromm;Greyjoy;299;2;66;56;1;0;0;1;0;0;0
445;Kurleket;None;298;1;31;31;1;0;1;0;0;0;0
446;Kurz;Night's Watch;299;2;19;5;1;0;0;1;0;0;0
447;Kyle (Banners);None;299;3;39;39;1;0;0;0;1;0;0
448;Kyra;Stark;300;5;12;37;0;0;1;1;0;0;1
449;Lady of the Leaves;None;;;;22;0;0;0;0;1;0;0
450;Lambert Turnberry;Lannister;;;;7;1;1;0;0;0;1;0
451;Lamprey;Baratheon;;;;25;1;0;0;0;1;0;0
452;Lancel Lannister;Lannister;;;;47;1;1;1;1;1;1;1
453;Lanna (Happy Port);None;;;;34;0;0;0;0;0;1;0
454;Lark;Night's Watch;299;3;46;23;1;0;0;1;1;0;0
455;Larra Blackmont;Martell;;;;38;0;1;0;0;1;0;0
456;Larraq;Targaryen;;;;59;1;0;0;0;0;0;1
457;Leathers;Night's Watch;;;;35;1;0;0;0;0;0;1
458;Left Hand Lew;Night's Watch;;;;48;1;0;0;0;1;0;1
459;Lem;None;;;;13;1;0;0;0;1;1;0
460;Lennocks;None;;;34;34;1;0;0;0;1;0;0
461;Lenwood Tawney;Greyjoy;;;;18;1;0;0;0;0;1;0
462;Leo Lefford;Lannister;299;2;45;62;1;1;1;1;0;0;0
463;Leo Tyrell;Tyrell;;;;0;1;1;0;0;0;1;0
464;Leobald Tallhart;Stark;299;2;66;16;1;1;0;1;0;0;0
465;Leona Woolfield;Stark;;;;19;0;1;0;0;0;0;1
466;Leonette Fossoway;Tyrell;;;;6;0;1;0;0;1;0;0
467;Lew;Stark;;;;7;1;0;1;0;0;0;0
468;Lewis Lanster;None;;;;25;1;0;0;0;0;0;1
469;Lewys Lydden;Lannister;;;;62;1;1;1;1;0;0;0
470;Lewys Piper;Lannister;;;;27;1;1;0;0;0;1;0
471;Lharys;Stark;298;1;34;31;1;1;1;0;0;0;0
472;Little Walder Frey;None;300;5;51;59;1;1;1;1;0;0;1
473;Lollys Stokeworth;Lannister;;;;2;0;1;0;1;1;0;0
474;Lommy;Night's Watch;299;2;19;1;1;0;0;1;0;0;0
475;Loras Tyrell;Tyrell;;;;18;1;1;1;1;1;1;0
476;Lorcas;None;;;;45;1;0;0;0;0;1;0
477;Lord of Bones;Wildling;300;5;10;68;1;1;0;1;1;0;1
478;Lorent Caswell;Baratheon;;;;22;1;1;0;1;0;0;0
479;Lorren;Greyjoy;299;2;66;37;1;0;0;1;0;0;0
480;Lothar Frey;None;;;;35;1;1;0;0;1;0;0
481;Lothor Brune;None;;;;29;1;1;1;1;1;1;0
482;Lucan;None;299;2;64;38;1;0;0;1;0;0;0
483;Lucas Blackwood;Tully;299;3;51;22;1;1;0;1;1;0;0
484;Lucas Codd;Greyjoy;;;;11;1;1;0;0;0;1;0
485;Lucias Vypren;None;;;;49;1;1;0;0;1;0;0
486;Luco Prestayn;None;;;;22;1;0;0;0;0;1;0
487;Luke of Longtown;Night's Watch;;;;35;1;0;0;0;0;0;1
488;Luton;None;300;5;51;37;1;0;0;0;0;0;1
489;Luwin;Stark;299;2;69;14;1;0;1;1;0;0;0
490;Lyle Crakehall;Lannister;;;;12;1;1;0;0;0;1;0
491;Lyman Darry;Tully;299;3;7;71;1;1;1;1;0;0;0
492;Lymond Goodbrook;Tully;;;;45;1;1;0;0;1;0;0
493;Lymond Lychester;Tully;;;;22;1;1;0;0;1;0;0
494;Lyn Corbray;Arryn;;;;38;1;1;1;0;0;1;0
495;Lyonel;None;;;;38;1;0;0;1;0;0;0
496;Lysa Tully;Arryn;300;3;;34;0;1;1;0;1;0;0
497;Lysono Maar;None;;;;24;1;0;0;0;0;0;1
498;Mace Tyrell;Tyrell;;;;62;1;1;0;1;1;1;1
499;Mad Huntsman;None;;;;29;1;0;0;0;1;0;0
500;Maege Mormont;Stark;;;;53;0;1;1;0;1;0;0
501;Maerie (Goodwife);None;299;3;34;34;0;0;0;0;1;0;0
502;Maerie (Whore);None;299;3;34;34;0;0;0;0;1;0;0
503;Mag Mar Tun Doh Weg;Wildling;300;3;64;15;1;1;0;0;1;0;0
504;Mago;None;;;;61;1;0;1;0;0;0;0
505;Mallador Locke;Night's Watch;299;5;18;13;1;0;0;1;1;0;0
506;Malliard;Lannister;;;;20;1;0;0;1;0;0;0
507;Mallor;Lannister;;;;63;1;0;1;0;0;0;0
508;Mance Rayder;Wildling;;;;15;1;1;0;0;1;0;1
509;Mandon Moore;Baratheon;299;2;61;51;1;1;1;1;0;0;0
510;Maric Seaworth;Baratheon;299;2;58;10;1;1;0;1;0;0;0
511;Marei;None;;;;29;0;0;0;1;0;0;0
512;Margaery Tyrell;Tyrell;;;;22;0;1;0;1;1;1;0
513;Marillion;Arryn;300;4;23;28;1;0;1;0;1;1;0
514;Maris;Wildling;;;;58;0;0;0;0;0;0;1
515;Marissa Frey;None;;;;49;0;1;0;0;1;1;0
516;Mariya Darry;None;;;;30;0;1;0;0;0;1;0
517;Mark Mullendore;Tully;;;;22;1;1;0;1;0;0;0
518;Marlon Manderly;Stark;;;;19;1;1;0;0;0;0;1
519;Maron Volmark;Greyjoy;;;;18;1;1;0;0;0;1;0
520;Marq Piper;Tully;;;;56;1;1;1;0;1;0;0
521;Martyn Rivers;None;;;;29;1;1;1;1;1;0;0
522;Marwyn;None;;;;0;1;0;0;0;0;1;0
523;Marwyn Belmore;Arryn;;;;10;1;1;0;0;0;1;0
524;Masha Heddle;Tully;298;1;56;28;0;0;1;0;0;0;0
525;Maslyn;Night's Watch;299;3;18;0;1;0;0;0;1;0;0
526;Mathis Rowan;Lannister;;;;22;1;1;0;1;1;1;0
527;Mathos Mallarawan;None;;;;40;1;1;0;1;0;0;0
528;Matrice;Baratheon;;;;0;0;0;0;1;0;0;0
529;Matthos Seaworth;Baratheon;299;2;58;10;1;1;0;1;0;0;0
530;Matthar;Night's Watch;;;;41;1;0;1;0;0;0;0
531;Mawney;Night's Watch;300;5;4;18;1;0;0;0;1;0;1
532;Mebble;None;;;;47;1;0;0;1;0;0;0
533;Medger Cerwyn;Stark;299;2;30;53;1;1;1;1;0;0;0
534;Meera Reed;Stark;;;;21;0;1;0;1;1;0;1
535;Megga Tyrell;Tyrell;;;;6;0;1;0;0;1;1;0
536;Meha;Wildling;;;;0;0;0;0;0;0;0;1
537;Mela;Arryn;;;;23;0;0;0;0;0;1;0
538;Meldred Merlyn;Greyjoy;;;;1;1;1;0;0;0;1;0
539;Meliana;Stark;;;;69;0;0;0;0;1;0;0
540;Melisandre;Baratheon;;;;0;0;0;0;1;1;0;1
541;Mellei;Martell;;;;40;0;0;0;0;0;1;0
542;Melly;None;;;;34;0;0;0;0;1;0;0
543;Meredyth Crane;Tyrell;;;;61;0;1;0;0;1;1;0
544;Meribald;None;;;;25;1;0;0;0;0;1;0
545;Merlon Crakehall;Lannister;;;;38;1;1;0;0;1;0;0
546;Mero;None;299;3;57;42;1;0;0;0;1;0;0
547;Merrett Frey;None;300;3;;59;1;1;1;0;1;0;0
548;Meryn Trant;Lannister;;;;8;1;1;1;1;1;1;1
549;Mezzara;None;;;;2;0;1;0;0;0;0;1
550;Mikken;Stark;299;2;46;8;1;0;1;1;0;0;0
551;Miklaz;None;;;;2;1;1;0;0;0;0;1
552;Mirri Maz Duur;None;299;1;72;61;0;0;1;0;0;0;0
553;Missandei;Targaryen;;;;23;0;0;0;0;1;0;1
554;Mohor;None;298;1;31;31;1;1;1;0;0;0;0
555;Mollander;None;;;;0;1;0;0;0;0;1;0
556;Monford Velaryon;Baratheon;299;3;25;0;1;1;0;1;0;0;0
557;Monster;Wildling;;;;33;1;0;0;0;1;1;1
558;Moon Boy;Baratheon;;;;29;1;0;1;1;1;1;0
559;Moqorro;Greyjoy;;;;33;1;0;0;0;0;0;1
560;Mord;Arryn;;;;38;1;0;1;0;0;1;0
561;Mordane;Stark;298;1;67;7;0;0;1;0;0;0;0
562;Moreo Tumitis;None;;;;18;1;0;1;0;0;0;0
563;Morgarth;None;;;;41;1;0;0;0;0;1;0
564;Morna White Mask;Wildling;;;;48;0;1;0;0;0;0;1
565;Moro;None;;;;3;1;1;1;0;0;0;0
566;Morra;Martell;;;;40;0;0;0;0;0;1;0
567;Morrec;Lannister;298;1;31;13;1;0;1;0;0;0;0
568;Morros Slynt;Lannister;;;;2;1;1;0;1;1;0;0
569;Mors Manwoody;Martell;;;;38;1;1;0;0;1;0;0
570;Mors Umber;Stark;;;;21;1;1;0;1;0;0;0
571;Morton Waynwood;Arryn;;;;40;1;1;1;0;0;0;0
572;Mudge (miller);None;299;3;34;34;1;0;0;0;1;0;0
573;Mully;Night's Watch;;;;55;1;0;0;0;1;1;1
574;Munciter;Lannister;;;;20;1;0;0;1;0;0;0
575;Murch;Night's Watch;;;;9;1;0;0;1;0;0;0
576;Murch (Winterfell);Stark;;;;50;1;0;0;1;0;0;0
577;Mossador;Targaryen;300;5;11;11;1;0;0;0;1;0;1
578;Murenmure;Greyjoy;;;;1;1;0;0;0;0;1;0
579;Muttering Bill;Night's Watch;300;5;4;;1;0;0;0;1;0;1
580;Mya Stone;Arryn;;;;34;0;0;1;0;0;1;0
581;Mycah;Stark;298;1;16;15;1;0;1;0;0;0;0
582;Myles;Martell;;;;2;1;0;0;0;0;1;1
583;Myles Manwoody;Martell;;;;38;1;1;0;0;1;0;0
584;Myranda Royce;Arryn;;;;41;0;1;0;0;0;1;0
585;Myrcella Baratheon;Lannister;;;;5;0;1;1;1;0;1;0
586;Myria Jordayne;Martell;;;;38;0;0;0;0;1;0;1
587;Myrtle;Wildling;300;5;69;37;0;0;0;0;0;0;1
588;Nage;None;;;;44;1;0;0;0;1;0;0
589;Myles;Tully;299;2;39;39;1;0;0;1;0;0;0
590;Nan;Stark;;;;1;0;0;1;1;0;0;0
591;Narbert;None;;;;31;1;0;0;0;0;1;0
592;Nestor Royce;Arryn;;;;34;1;1;1;0;0;1;0
593;Nolla;None;299;3;34;34;0;0;0;0;1;0;0
594;Norjen;Greyjoy;;;;1;1;0;0;0;0;1;0
595;Nurse;None;300;5;57;57;1;0;0;0;0;0;1
596;Notch;None;;;;43;1;0;0;0;1;0;0
597;Nute;Greyjoy;;;;18;1;0;0;0;0;1;0
598;Nymella Toland;Martell;;;;38;0;1;0;0;0;0;1
599;Nymeria Sand;Martell;;;;2;0;1;0;0;0;1;1
600;Obara Sand;Martell;;;;2;0;1;0;0;0;1;1
601;Oberyn Martell;Martell;300;3;70;38;1;1;0;0;1;0;0
602;Ogo;None;298;1;61;46;1;1;1;0;0;0;0
603;Old Henly;Night's Watch;299;3;55;55;1;0;0;0;1;0;0
604;Olenna Redwyne;Tyrell;;;;19;0;1;0;0;1;1;0
605;Ollo Lophand;Night's Watch;300;5;4;0;1;0;0;0;1;0;1
606;Olyvar Frey;None;;;;59;1;1;1;0;0;0;0
607;Ondrew Locke;Stark;;;;37;1;1;0;0;0;0;1
608;Oppo;None;300;4;17;60;1;0;0;0;1;1;0
609;Orell;Wildling;299;2;51;51;1;0;0;1;0;0;0
610;Orphan Oss;Night's Watch;300;5;4;;1;0;0;0;1;0;1
611;Orton Merryweather;Lannister;;;;11;1;1;0;0;1;1;0
612;Osfryd Kettleblack;Lannister;;;;41;1;1;0;1;1;1;0
613;Osha;Stark;;;;37;0;0;1;1;0;0;0
614;Osmund Kettleblack;Lannister;;;;41;1;1;0;1;1;1;0
615;Osney Kettleblack;Lannister;;;;41;1;1;0;1;1;1;0
616;Ossy;Arryn;;;;41;1;0;0;0;0;1;0
617;Oswell Kettleblack;None;;;;68;1;1;0;0;1;0;0
618;Othell Yarwyck;Night's Watch;;;;48;1;0;1;0;1;0;1
619;Ottyn Wythers;Night's Watch;299;3;48;13;1;0;0;1;1;0;0
620;Owen;Night's Watch;;;;55;1;0;0;0;1;0;1
621;Owen Norrey;Tully;299;3;51;51;1;1;0;0;1;0;0
622;Oznak zo Pahl;None;299;3;57;57;1;1;0;0;1;0;0
623;Palla;Stark;;;;46;0;0;0;1;0;0;0
624;Parmen Crane;Baratheon;;;;22;1;1;0;1;0;0;0
625;Patchface;Baratheon;;;;0;1;0;0;1;1;0;1
626;Pate (novice);None;300;4;0;0;1;0;0;0;0;1;0
627;Pate (Lancewood);None;299;3;34;34;1;0;0;0;1;0;0
628;Pate (Night's Watch);Night's Watch;;;;60;1;0;1;0;0;0;0
629;Pate (Old);None;;;34;13;1;0;0;0;1;0;0
630;Patrek of King's Mountain;Baratheon;300;5;69;44;1;1;0;0;0;0;1
631;Patrek Mallister;Tully;;;;28;1;1;1;0;1;0;0
632;Paxter Redwyne;Tyrell;;;;65;1;1;0;1;1;1;0
633;Pello;None;;;;17;1;0;0;0;1;0;0
634;Penny;None;;;;60;0;0;0;0;1;0;1
635;Perros Blackmont;Martell;;;;38;1;1;0;0;1;0;0
636;Perwyn Frey;None;;;;29;1;1;1;1;0;0;0
637;Petyr Baelish;None;;;;18;1;0;1;1;1;1;0
638;Petyr Frey;None;300;3;;49;1;1;0;0;1;0;0
639;Philip Foote;Lannister;;;;65;1;1;0;1;1;0;0
640;Pia;None;;;;30;0;0;0;1;0;1;0
641;Podrick Payne;Lannister;;;;62;1;1;1;1;1;1;0
642;Polliver;None;300;3;27;26;1;0;0;1;1;0;0
643;Pono;None;;;;68;1;1;1;0;0;0;0
644;Porridge;Baratheon;;;;25;1;0;0;0;1;0;0
645;Porther;Stark;299;2;21;22;1;0;1;1;0;0;0
646;Poul Pemford;Tully;299;2;39;39;1;0;0;1;0;0;0
647;Poxy Tym;Stark;299;2;69;16;1;0;0;1;0;0;0
648;Praed;None;299;2;9;5;1;0;0;1;0;0;0
649;Prendahl na Ghezn;None;299;3;42;42;1;0;0;0;1;0;0
650;Preston Greenfield;Baratheon;299;2;41;43;1;0;1;1;0;0;0
651;Pyat Pree;None;;;;12;1;1;0;1;0;0;0
652;Pycelle;Lannister;300;5;;20;1;0;1;1;1;1;1
653;Pyg;None;300;4;20;20;1;0;0;0;1;1;0
654;Pylos;Baratheon;;;;0;1;0;0;1;1;0;0
655;Pypar;Night's Watch;;;;19;1;0;1;0;1;1;1
656;Qarl Shepherd;Greyjoy;;;;26;1;0;0;0;0;0;1
657;Qarl the Maid;Greyjoy;;;;42;1;0;0;1;0;1;1
658;Qezza;None;;;;2;0;0;0;0;0;0;1
659;Qhorin Halfhand;Night's Watch;299;2;68;43;1;0;0;1;0;0;0
660;Qotho;None;298;1;61;11;1;0;1;0;0;0;0
661;Quaithe;None;;;;12;0;1;0;1;1;0;1
662;Quaro;Targaryen;298;1;64;50;1;0;1;0;0;0;0
663;Quellon Humble;Greyjoy;;;;18;1;1;0;0;0;1;0
664;Quent;Stark;;;;37;1;0;1;0;0;0;0
665;Quenten Banefort;Lannister;;;;16;1;1;0;0;0;1;0
666;Quentyn Martell;Martell;300;5;70;6;1;1;0;0;0;0;1
667;Quhuru Mo;None;;;;27;1;0;0;1;0;1;0
668;Qyburn;Lannister;;;;64;1;0;0;1;1;1;1
669;Quort;Wildling;299;3;55;41;1;0;0;0;1;0;0
670;Qyle;Night's Watch;299;2;2;2;1;0;0;1;0;0;0
671;Rafford;None;;;;19;1;0;0;1;0;1;0
672;Ragnor Pyke;Greyjoy;;;;29;1;0;0;0;0;1;0
673;Ragwyle;Wildling;;;;68;0;0;0;1;0;0;0
674;Rakharo;Targaryen;;;;54;1;0;1;1;1;0;1
675;Ralf Kenning;Greyjoy;300;5;20;18;1;0;0;0;0;1;1
676;Ralf Stonehouse;Greyjoy;;;;18;1;1;0;0;0;0;1
677;Ralf the Limper;Greyjoy;;;;18;1;0;0;0;0;1;1
678;Ramsay Snow;None;;;;16;1;1;0;1;0;0;1
679;Randa;None;299;3;34;34;0;0;0;0;1;0;0
680;Randyll Tarly;Tyrell;;;;22;1;1;0;1;0;1;1
681;Rast;Night's Watch;299;3;26;55;1;0;1;0;1;0;0
682;Ravella Swann;Tully;;;;22;0;1;0;0;1;0;0
683;Raymar Royce;Arryn;;;;45;1;1;0;0;1;0;0
684;Raymun Darry;Targaryen;298;1;55;16;1;1;1;0;0;0;0
685;Raymund Frey;None;;;;49;1;1;0;0;1;0;0
686;Raynald Westerling;Stark;299;3;44;14;1;1;0;0;1;1;0
687;Red Alyn;Night's Watch;300;3;69;55;1;0;0;0;1;0;0
688;Red Rolfe;Greyjoy;299;2;66;66;1;0;0;1;0;0;0
689;Reek;None;299;2;35;16;1;0;0;1;0;0;0
690;Renly Baratheon;Baratheon;299;2;33;15;1;1;1;1;0;0;0
691;Reysen;Night's Watch;;;;5;1;0;0;1;0;0;0
692;Reznak mo Reznak;None;;;;2;1;1;0;0;0;0;1
693;Rhaegar Frey;None;300;5;29;19;1;1;0;0;0;0;1
694;Rhogoro;None;;;;3;1;1;1;0;0;0;0
695;Ricasso;Martell;;;;2;1;0;0;0;0;1;1
696;Richard Horpe;Baratheon;;;;17;1;1;0;0;0;0;1
697;Rickard Karstark;Stark;299;3;20;53;1;1;1;1;1;0;0
698;Rickard Ryswell;Stark;;;;20;1;1;0;0;0;0;1
699;Rickon Stark;Stark;;;;7;1;1;1;1;0;0;0
700;Rigney;None;;;;11;1;0;0;0;0;1;0
701;Robar Royce;Baratheon;299;2;6;29;1;1;1;1;1;0;0
702;Robb Stark;Stark;299;3;51;1;1;1;1;1;1;0;0
703;Robert Baratheon;Baratheon;298;1;47;4;1;1;1;0;0;0;0
704;Robert Arryn;Arryn;;;;40;1;1;1;0;1;1;0
705;Robett Glover;Stark;;;;53;1;1;1;1;0;0;1
706;Robin Flint;Stark;299;3;51;63;1;1;1;1;1;0;0
707;Robin Moreland;Lannister;;;;16;1;1;0;0;0;1;0
708;Robin Ryger;Tully;;;;7;1;1;0;1;1;1;0
709;Rodrik Cassel;Stark;299;2;66;7;1;1;1;1;0;0;0
710;Rodrik Harlaw;Greyjoy;;;;11;1;1;0;0;0;1;0
711;Rodrik Ryswell;None;;;;32;1;1;0;0;0;0;1
712;Roger Hogg;Lannister;;;;27;1;1;0;0;0;1;0
713;Roger Ryswell;Stark;;;;20;1;1;0;0;0;0;1
714;Roland Crakehall (Lord);Lannister;;;;32;1;1;0;1;0;0;0
715;Rolder;Lannister;;;;21;1;0;0;0;0;1;0
716;Rolfe;Greyjoy;;;;24;1;0;0;1;0;0;0
717;Rollam Westerling;Stark;;;;14;1;1;0;0;1;0;0
718;Rolfe the Dwarf;Greyjoy;300;5;26;26;1;0;0;0;0;0;1
719;Rolley;Night's Watch;299;3;33;0;1;0;0;0;1;0;0
720;Rolly Duckfield;Targaryen;;;;8;1;0;0;0;0;0;1
721;Rolph Spicer;Lannister;;;;14;1;1;0;0;1;0;0
722;Romny Weaver;Greyjoy;;;;18;1;1;0;0;0;1;0
723;Ronald Storm;None;;;;61;1;0;0;0;0;0;1
724;Ronnel Harclay;Night's Watch;;;;48;1;1;0;0;1;0;0
725;Ronnet Connington;Baratheon;;;;22;1;1;0;1;0;1;1
726;Roose Bolton;Stark;;;;33;1;1;1;1;1;0;1
727;Roose Ryswell;None;;;;32;1;1;0;0;0;0;1
728;Rorge;None;300;4;37;1;1;0;0;1;1;1;0
729;Roslin Frey;None;;;;35;0;1;0;0;1;0;0
730;Rowan;Wildling;300;5;69;37;1;0;0;0;0;0;1
731;Rudge;Night's Watch;;;;60;1;0;1;0;0;0;0
732;Rusty Flowers;Night's Watch;;;;7;1;0;0;0;0;0;1
733;Ryger Rivers;None;;;;59;1;0;1;0;0;0;0
734;Ryk;Wildling;;;;7;1;0;0;0;1;0;0
735;Rupert Brax;Lannister;299;2;32;32;1;0;0;1;0;0;0
736;Ryman Frey;None;300;4;44;14;1;1;0;0;1;1;0
737;Rymolf Stormdrunk;Greyjoy;;;;24;1;0;0;1;0;0;0
738;Ryon Allyrion;Martell;;;;38;1;1;0;0;1;0;1
739;Salladhor Saan;Baratheon;;;;0;1;1;0;1;1;0;0
740;Sallor;None;299;3;42;42;1;0;0;0;1;0;0
741;Samwell Tarly;Night's Watch;;;;70;1;1;1;1;1;1;1
742;Sandor Clegane;None;300;4;31;7;1;1;1;1;1;1;0
743;Sawane Botley;Greyjoy;299;4;18;1;1;1;0;0;0;1;0
744;Sansa Stark;Stark;;;;7;0;1;1;1;1;1;0
745;Sarella Sand;Martell;;;;2;0;0;0;0;0;1;0
746;Sarra Frey;None;;;;49;0;1;0;0;1;0;0
747;Satin;Night's Watch;;;;6;1;0;0;1;1;0;1
748;Sawwood;Night's Watch;;;;0;1;0;0;0;1;0;0
749;Sedgekins;None;;;;50;1;0;0;0;1;0;0
750;Selyse Florent;Baratheon;;;;0;0;1;0;1;1;0;1
751;Senelle;Lannister;300;4;24;3;0;0;0;0;0;1;0
752;Serra Frey;None;;;;49;0;1;0;0;1;0;0
753;Shadrich;None;;;;4;1;0;0;0;0;1;0
754;Shae;Lannister;300;3;77;62;0;0;1;1;1;0;0
755;Shagga;Lannister;;;;39;1;0;1;1;0;0;0
756;Shagwell;None;300;4;20;30;1;0;0;1;1;1;0
757;Sharna;None;;;;11;0;0;0;0;1;0;0
758;Shireen Baratheon;Baratheon;;;;0;0;1;0;1;1;0;1
759;Shirei Frey;None;;;;49;0;1;0;0;1;0;0
760;Shyra Errol;Baratheon;300;4;;42;0;1;0;1;0;0;0
761;Sigfry Stonetree;Greyjoy;;;;19;1;1;0;0;0;1;0
762;Skahaz mo Kandaq;None;;;;2;1;1;0;0;0;0;1
763;Skinner;None;;;;12;1;0;0;0;0;0;1
764;Small Paul;Night's Watch;299;3;18;0;1;0;0;0;1;0;0
765;Softfoot;Night's Watch;299;3;18;0;1;0;0;0;1;0;0
766;Sour Alyn;None;;;;12;1;0;0;0;0;0;1
767;Spare Boot;Night's Watch;;;;55;1;0;0;0;1;0;0
768;Spotted Cat;None;;;;11;1;0;0;0;0;0;1
769;Spotted Pate of Maidenpool;Night's Watch;299;3;55;0;1;0;0;0;1;0;0
770;Squint;Greyjoy;299;2;50;50;1;0;0;1;0;0;0
771;Squirrel;Wildling;300;5;69;37;0;0;0;0;0;0;1
772;Stalwart Shield;Targaryen;300;5;2;2;1;0;0;0;0;0;1
773;Steelskin;None;;;;11;1;0;0;0;0;0;1
774;Steffon Swyft;Lannister;;;;27;1;1;0;0;0;1;0
775;Stevron Frey;Stark;299;2;35;59;1;1;1;1;0;0;0
776;Stiv;Wildling;298;1;37;37;1;0;1;0;0;0;0
777;Stone Thumbs;Wildling;299;3;55;41;1;0;0;0;1;0;0
778;Stonesnake;Night's Watch;;;;43;1;0;0;1;0;0;0
779;Stygg;Greyjoy;;;;37;1;0;0;1;0;0;0
780;Styr;Wildling;300;3;26;7;1;1;0;0;1;0;0
781;Sybassion;None;;;;63;1;0;0;1;0;0;0
782;Sybell Spicer;Lannister;;;;14;0;1;0;0;1;1;0
783;Sybelle Glover;Stark;;;;26;0;1;0;0;0;0;1
784;Sylva Santagar;Martell;;;;21;0;1;0;0;0;1;0
785;Symon Silver Tongue;Lannister;299;3;32;44;1;0;0;1;1;0;0
786;Symon Stripeback;Targaryen;;;;70;1;0;0;0;0;0;1
787;Symond Frey;None;300;5;29;19;1;1;0;0;0;0;1
788;Symond Templeton;Arryn;;;;10;1;1;0;0;0;1;0
789;Syrio Forel;Stark;298;1;50;22;1;0;1;0;0;0;0
790;Taena of Myr;Lannister;;;;6;0;1;0;0;1;1;0
791;Tal Toraq;Targaryen;;;;70;1;0;0;0;0;0;1
792;Tallad;Lannister;;;;17;1;0;0;1;1;1;0
793;Tanda Stokeworth;Lannister;300;4;32;2;0;1;0;1;1;0;0
794;Tanton Fossoway;Baratheon;;;;22;1;1;0;1;0;0;0
795;Ternesio Terys;None;;;;74;1;0;0;0;1;0;0
796;Terrance Lynderly;Arryn;;;;41;1;1;0;0;0;1;0
797;The Red Lamb;Targaryen;;;;67;1;0;0;0;0;0;1
798;Theo Frey;None;;;;29;1;1;1;0;0;0;0
799;Theodan Wells;Stark;;;;43;1;1;0;0;0;1;1
800;Theomore Lannister;None;;;;19;1;1;0;0;0;0;1
801;Theon Greyjoy;Greyjoy;;;;1;1;1;1;1;0;0;1
802;Thistle;Wildling;300;5;0;0;0;0;0;0;0;0;1
803;Thoren Smallwood;Night's Watch;299;3;18;6;1;1;0;1;1;0;0
804;Thoros;None;;;;29;1;0;1;0;1;1;0
805;Three Toes;None;;;;44;1;0;0;0;1;0;0
806;Three-Tooth;Greyjoy;;;;11;0;0;0;0;0;1;0
807;Tickler;Lannister;300;3;74;26;1;0;0;1;1;0;0
808;Tim Tangletongue;Night's Watch;;;;69;1;0;0;0;1;0;0
809;Timeon;None;300;4;20;21;1;0;0;0;1;1;0
810;Timett;Lannister;;;;56;1;0;1;1;0;0;0
811;Timon;Baratheon;;;;65;1;0;0;1;0;0;0
812;Tion Frey;Lannister;299;3;20;20;0;1;0;0;1;0;0
813;Tobho Mott;None;;;;27;1;0;1;0;1;0;0
814;Todder;Night's Watch;;;;19;1;0;1;0;1;0;1
815;Todric;Greyjoy;299;2;37;37;1;0;0;1;0;0;0
816;Tom of Sevenstreams;None;;;;13;1;0;0;0;1;1;0
817;Tomard;Stark;298;1;49;22;1;0;1;0;0;0;0
818;Tormund;Wildling;;;;7;1;1;0;0;1;0;1
819;Torrek;None;;;;42;1;0;1;0;0;0;0
820;Torrhen Karstark;Stark;298;1;63;53;1;1;1;0;0;0;0
821;Tothmure;Lannister;299;2;64;30;1;0;0;1;0;0;0
822;Tregar;Lannister;298;1;39;35;1;0;1;0;0;0;0
823;Tremond Gargalen;Martell;;;;38;1;1;0;0;1;0;1
824;Tristifer Botley;Greyjoy;;;;11;1;1;0;0;0;1;1
825;Triston Sunderland;Lannister;;;;9;1;1;0;0;0;0;1
826;Tuffleberry;None;;;;38;1;0;0;1;0;0;0
827;Tumberjon;Night's Watch;;;;0;1;0;0;0;1;0;0
828;Tumco Lho;Targaryen;;;;67;1;0;0;0;0;0;1
829;Tybero Istarion;None;;;;66;1;0;0;0;0;0;1
830;Tycho Nestoris;None;;;;44;1;0;0;0;0;0;1
831;Tyene Sand;Martell;;;;38;0;1;0;0;0;1;1
832;Tymor;Greyjoy;299;2;66;37;1;0;0;1;0;0;0
833;Tyrek Lannister;Lannister;299;2;41;30;1;1;1;1;0;0;0
834;Tyrion Lannister;Lannister;;;;4;1;1;1;1;1;0;1
835;Tyta Frey;None;;;;49;0;1;0;0;1;0;0
836;Tytos Blackwood;Tully;;;;56;1;1;1;0;1;0;1
837;Tytos Brax;Lannister;;;;63;1;1;1;1;0;0;0
838;Tytos Frey;None;299;3;;;1;1;0;0;1;0;0
839;Tywin Lannister;Lannister;300;3;77;42;1;1;1;1;1;0;0
840;Ulf son of Umar;Lannister;298;1;62;56;1;0;1;0;0;0;0
841;Ulf the Ill;Greyjoy;299;2;66;66;1;0;0;1;0;0;0
842;Ulmer;Night's Watch;;;;33;1;0;0;0;1;0;1
843;Ulwyck Uller;Martell;;;;38;1;1;0;0;1;0;1
844;Umar;None;;;;56;1;0;1;0;0;0;0
845;Umfred;None;;;;68;1;0;0;0;1;0;0
846;Unella;None;;;;43;1;0;0;0;0;1;0
847;Urreg;Night's Watch;299;2;19;14;1;0;0;1;0;0;0
848;Urswyck;None;;;;21;1;0;0;0;1;0;0
849;Utherydes Wayn;Tully;;;;71;1;0;1;1;1;0;0
850;Utt;None;299;3;39;30;1;0;0;1;1;0;0
851;Val;Wildling;;;;7;0;0;0;0;1;0;1
852;Varamyr;Wildling;300;5;0;15;1;0;0;0;1;0;1
853;Vardis Egen;Arryn;298;1;40;34;1;0;1;0;0;0;0
854;Vargo Hoat;None;300;3;20;30;1;0;0;1;1;0;0
855;Varys;Targaryen;;;;25;1;0;1;1;1;0;1
856;Vayon Poole;Stark;298;1;21;7;1;0;1;1;0;0;0
857;Victarion Greyjoy;Greyjoy;;;;24;1;1;0;1;0;1;1
858;Viserys Targaryen;Targaryen;298;1;46;3;1;1;1;0;0;0;0
859;Vylarr;Lannister;;;;3;1;0;0;1;0;0;0
860;Vyman;Tully;;;;55;1;0;0;1;1;1;0
861;Waif;None;;;;6;0;0;0;0;0;1;1
862;Walda Rivers (daughter of Aemon);None;;;;49;0;1;0;0;1;0;0
863;Walder Frey;None;;;;28;1;1;1;0;1;0;0
864;Walder Rivers;None;;;;35;1;1;0;0;1;1;0
865;Wallen;Wildling;298;1;37;37;1;0;1;0;0;0;0
866;Walton;None;;;;64;1;0;0;1;1;0;1
867;Wat (orphan);None;;;;37;1;0;0;0;0;1;0
868;Wat (sailor);None;;;;34;1;0;0;0;0;1;0
869;Watt;Night's Watch;299;3;75;69;1;0;0;0;1;0;0
870;Watty;None;;;;39;1;0;0;0;1;0;0
871;Waymar Royce;Night's Watch;297;1;0;0;1;1;1;0;0;0;0
872;Wayn (guard);Stark;;;;37;1;0;1;0;0;0;0
873;Weasel;None;;;;9;0;0;0;1;0;0;0
874;Weeper;Wildling;;;;7;1;1;0;0;1;0;0
875;Weese;Lannister;299;2;38;26;1;0;0;1;0;0;0
876;Wendel Manderly;Stark;299;3;51;55;1;1;1;1;1;0;0
877;Wendello Qar Deeth;None;;;;40;1;1;0;1;0;0;0
878;Werlag;Greyjoy;299;2;66;37;1;0;0;1;0;0;0
879;Wex Pyke;Stark;;;;24;1;0;0;1;0;0;1
880;Whalen Frey;None;;;;59;1;1;1;0;1;0;0
881;Wilbert;Stark;298;3;29;29;1;0;0;0;1;0;0
882;Will;Night's Watch;297;1;0;0;1;0;1;0;0;0;0
883;Will (orphan);None;;;;37;1;0;0;0;0;1;0
884;Willam Wells;Martell;300;5;6;6;1;0;0;0;0;0;1
885;Willem Lannister;Lannister;299;3;20;19;1;1;0;0;1;0;0
886;William Mooton;Tully;;;;14;1;1;0;0;0;1;0
887;Willis Wode;Arryn;;;;31;1;1;1;0;0;0;0
888;Willit;Lannister;;;;65;1;0;0;1;0;0;0
889;Willow Witch-eye;Wildling;300;5;69;37;0;0;0;0;0;0;1
890;Willum;Tully;;;;43;1;0;1;0;0;0;0
891;Woth;Night's Watch;299;2;14;14;1;0;0;1;0;0;0
892;Wulfe;Greyjoy;;;;29;1;0;0;0;0;1;1
893;Wun Weg Wun Dar Wun;Wildling;;;;35;1;0;0;0;0;0;1
894;Wyl (guard);Stark;298;1;35;35;1;0;1;0;0;0;0
895;Wyl the Whittler;None;299;3;34;34;1;0;0;0;1;0;0
896;Wylis Manderly;Stark;;;;55;1;1;1;1;0;1;0
897;Wylla Manderly;Stark;;;;19;0;1;0;0;0;0;1
898;Wyman Manderly;Stark;;;;16;1;1;0;1;0;0;1
899;Wynafryd Manderly;Stark;;;;19;1;1;0;0;0;0;1
900;Wynton Stout;Night's Watch;;;;41;1;0;0;0;1;0;0
901;Xaro Xhoan Daxos;None;;;;12;1;1;0;1;0;0;1
902;Xhondo;None;;;;26;1;0;0;0;0;1;0
903;Yandry;Targaryen;;;;8;1;0;0;0;0;0;1
904;Yellow Dick;None;300;5;46;12;1;0;0;0;0;0;1
905;Ygon Farwynd;Greyjoy;;;;19;1;1;0;0;0;1;0
906;Ygritte;Wildling;299;3;55;51;0;0;0;1;1;0;0
907;Yohn Farwynd;Greyjoy;;;;19;1;1;0;0;0;1;0
908;Yohn Royce;Arryn;;;;29;1;1;1;0;0;1;0
909;Yoren;Night's Watch;299;2;19;13;1;0;1;1;0;0;0
910;Young Henly;Night's Watch;299;3;55;55;1;0;0;0;1;0;0
911;Ysilla;Targaryen;;;;8;1;0;0;0;0;0;1
912;Zei;Stark;;;;64;0;0;0;0;1;0;0
913;Zollo;None;;;;21;1;0;0;0;1;0;0
914;Yurkhaz zo Yunzak;None;300;5;59;47;1;0;0;0;0;0;1
915;Yezzan Zo Qaggaz;None;300;5;57;25;1;1;0;0;0;0;1
916;Torwynd the Tame;Wildling;300;5;73;73;1;0;0;0;1;0;0
917;Talbert Serry;Tyrell;300;4;29;29;1;1;0;0;0;1;0