id;name;allegiances;death_year;book_of_intro;chapter_of_intro;book_of_death;chapter_of_death;gender;nobility;got;cok;sos;ffc;dwd;age_in_chapters
1;Addam Marbrand;Lannister;NA;1;56;NA;NA;1;1;1;1;1;1;0;288
2;Aegon Frey (Jinglebell);None;299;3;49;3;51;1;1;0;0;1;0;0;2
3;Aegon Targaryen;Targaryen;NA;5;5;NA;NA;1;1;0;0;0;0;1;68
4;Adrack Humble;Greyjoy;300;5;20;5;20;1;1;0;0;0;0;1;0
5;Aemon Costayne;Lannister;NA;3;NA;NA;NA;1;1;0;0;1;0;0;NA
6;Aemon Estermont;Baratheon;NA;2;NA;NA;NA;1;1;0;1;1;0;0;NA
7;Aemon Targaryen (son of Maekar I);Night's Watch;300;1;21;4;35;1;1;1;0;1;1;0;239
8;Aenys Frey;None;300;1;59;5;NA;0;1;1;1;1;0;1;NA
9;Aeron Greyjoy;Greyjoy;NA;2;11;NA;NA;1;1;0;1;0;1;0;260
10;Aethan;Night's Watch;NA;3;0;NA;NA;1;0;0;0;1;0;0;201
11;Aggar;Greyjoy;299;2;50;2;56;1;0;0;1;0;0;0;6
12;Aggo;Targaryen;NA;1;54;NA;NA;1;0;1;1;1;0;1;290
13;Alan of Rosby;Night's Watch;300;2;18;5;4;1;1;0;1;1;0;1;184
14;Alayaya;None;NA;2;15;NA;NA;0;0;0;1;0;0;0;256
15;Albar Royce;Arryn;NA;1;38;NA;NA;1;1;1;0;0;1;0;306
16;Albett;Night's Watch;NA;1;26;NA;NA;1;0;1;0;0;0;0;318
17;Alebelly;Stark;299;2;4;2;46;1;0;0;1;0;0;0;42
18;Alerie Hightower;Tyrell;NA;3;6;NA;NA;0;1;0;0;1;1;0;195
19;Alesander Staedmon;Baratheon;NA;2;65;NA;NA;1;1;0;1;0;0;0;206
20;Alester Florent;Baratheon;300;2;36;4;NA;1;1;0;1;1;0;0;NA
21;Alia of Braavos;None;NA;1;28;NA;NA;0;0;1;0;0;0;0;316
22;Alla Tyrell;Tyrell;NA;3;6;NA;NA;0;1;0;0;1;1;0;195
23;Allard Seaworth;Baratheon;299;2;10;2;10;1;1;0;1;0;0;0;0
24;Alliser Thorne;Night's Watch;NA;1;19;NA;NA;1;0;1;1;1;0;1;325
25;Alyn;Stark;298;1;12;3;34;1;0;1;0;0;0;0;165
26;Alyn Ambrose;Tyrell;NA;2;59;NA;NA;1;1;0;1;0;1;0;212
27;Alyn Estermont;Baratheon;NA;2;NA;NA;NA;1;1;0;1;1;0;0;NA
28;Alyn Stackspear;Lannister;NA;4;16;NA;NA;1;1;0;0;0;1;0;103
29;Alys Karstark;Stark;NA;5;44;NA;NA;0;1;0;0;0;0;1;29
30;Alysane Mormont;Stark;NA;5;35;NA;NA;0;1;0;0;0;0;1;38
31;Alyx Frey;None;NA;3;49;NA;NA;1;1;0;0;1;0;0;152
32;Ambrode;Greyjoy;NA;2;24;NA;NA;1;0;0;1;0;0;0;247
33;Amory Lorch;Lannister;299;2;14;2;47;1;1;0;1;0;0;0;33
34;Andar Royce;Arryn;NA;1;29;NA;NA;1;1;1;0;0;0;0;315
35;Andrew Estermont;Baratheon;NA;3;36;NA;NA;1;1;0;0;1;0;0;165
36;Andrey Dalt;Martell;NA;4;21;NA;NA;1;1;0;0;0;1;0;98
37;Andrik;Greyjoy;NA;4;19;NA;NA;1;1;0;0;0;1;0;100
38;Anguy;None;NA;1;30;NA;NA;1;0;1;0;1;0;0;314
39;Antario Jast;Lannister;NA;2;32;NA;NA;1;1;0;1;0;0;0;239
40;Anvil Ryn;None;299;3;34;3;34;1;0;0;0;1;0;0;0
41;Anya Waynwood;Arryn;NA;1;38;NA;NA;0;1;1;0;0;1;0;306
42;Archibald Yronwood;Martell;NA;5;6;NA;NA;1;1;0;0;0;0;1;67
43;Ardrian Celtigar;Baratheon;NA;2;10;NA;NA;1;1;0;1;1;0;0;261
44;Areo Hotah;Martell;NA;4;2;NA;NA;1;0;0;0;0;1;1;117
45;Arianne Martell;Martell;NA;4;2;NA;NA;0;1;0;0;0;1;1;117
46;Arneld;Lannister;NA;2;59;NA;NA;1;0;0;1;0;0;0;212
47;Arnolf Karstark;Stark;NA;5;3;NA;NA;1;1;0;0;0;0;1;70
48;Aron Santagar;Lannister;299;1;18;2;41;1;1;1;1;0;0;0;96
49;Arron;Night's Watch;NA;3;75;NA;NA;1;0;0;0;1;0;1;126
50;Arron Qorgyle;Martell;NA;3;38;NA;NA;1;1;0;0;1;0;0;163
51;Arryk (Guard);Tyrell;NA;3;6;NA;NA;1;0;0;0;1;1;0;195
52;Arson;Wildling;NA;3;26;NA;NA;1;0;0;0;1;0;0;175
53;Arthor Karstark;Stark;NA;5;62;NA;NA;1;1;0;0;0;0;1;11
54;Arwyn Frey;None;NA;3;49;NA;NA;0;1;0;0;1;0;0;152
55;Arwyn Oakheart;Tyrell;NA;2;22;NA;NA;0;1;0;1;0;0;0;249
56;Arya Stark;Stark;NA;1;2;NA;NA;0;1;1;1;1;1;1;342
57;Arys Oakheart;Lannister;300;1;57;4;21;1;1;1;1;0;1;0;189
58;Asha Greyjoy;Greyjoy;NA;2;11;NA;NA;0;1;0;1;0;1;1;260
59;Aurane Waters;Lannister;NA;2;65;NA;NA;1;0;0;1;0;1;0;206
60;Axell Florent;Baratheon;NA;2;0;NA;NA;1;1;0;1;1;0;1;271
61;Azzak;None;NA;5;2;NA;NA;1;1;0;0;0;0;1;71
62;Ballabar;Lannister;NA;2;4;NA;NA;1;0;0;1;0;0;0;267
63;Balon Swann;Lannister;NA;1;29;NA;NA;1;1;1;1;1;1;1;315
64;Bannen;Night's Watch;299;3;0;3;33;1;0;0;0;1;0;0;33
65;Barbrey Dustin;Stark;NA;5;26;NA;NA;0;1;0;0;0;0;1;47
66;Barra;None;299;1;35;2;39;0;0;1;0;0;0;0;77
67;Barristan Selmy;Targaryen;NA;1;15;NA;NA;1;1;1;1;1;0;1;329
68;Barsena;None;300;5;11;5;52;0;0;0;0;0;0;1;41
69;Barth (brewer);Stark;NA;2;50;NA;NA;1;0;0;1;0;0;0;221
70;Bass;Night's Watch;NA;1;52;NA;NA;1;0;1;0;0;0;0;292
71;Bayard Norcross;Tyrell;NA;4;28;NA;NA;1;1;0;0;0;1;0;91
72;Bearded Ben;Night's Watch;NA;4;NA;NA;NA;1;0;0;0;0;1;0;NA
73;Becca;Arryn;NA;1;12;NA;NA;0;0;1;0;0;0;0;332
74;Becca the Baker;None;299;3;34;3;34;0;0;0;0;1;0;0;0
75;Bedwyck;Night's Watch;NA;2;13;NA;NA;1;0;0;1;1;0;1;258
76;Belaquo;None;NA;5;52;NA;NA;1;0;0;0;0;0;1;21
77;Bella;None;NA;3;29;NA;NA;0;0;0;0;1;0;0;172
78;Bellegere Otherys (courtesan);None;NA;4;34;NA;NA;0;1;0;0;0;1;0;85
79;Bellonara Otherys;None;NA;4;34;NA;NA;0;1;0;0;0;1;0;85
80;Belwas;Targaryen;NA;2;63;NA;NA;1;0;0;1;1;0;1;208
81;Ben;None;NA;4;37;NA;NA;1;0;0;0;0;1;0;82
82;Ben Bones;None;NA;5;12;NA;NA;1;0;0;0;0;0;1;61
83;Ben Plumm;None;NA;3;57;NA;NA;1;0;0;0;1;0;1;144
84;Benedar Belmore;Arryn;NA;4;23;NA;NA;1;1;0;0;0;1;0;96
85;Benfred Tallhart;Stark;299;2;16;2;37;1;1;0;1;0;0;0;21
86;Benfrey Frey;None;299;3;51;5;51;1;1;0;0;1;0;0;128
87;Benjen Stark;Night's Watch;298;1;5;1;24;1;1;1;0;0;0;0;19
88;Bennet;None;300;4;31;4;31;1;0;0;0;0;1;0;0
89;Beric Dondarrion;None;300;1;42;4;27;1;1;1;0;1;0;0;210
90;Bessa (Winterfell);Stark;NA;1;37;NA;NA;0;0;1;0;0;0;0;307
91;Beth Cassel;Stark;NA;1;7;NA;NA;0;1;1;1;0;0;0;337
92;Bhakaz zo Loraq;None;NA;5;2;NA;NA;1;1;0;0;0;0;1;71
93;Big Boil;Wildling;NA;3;41;NA;NA;1;0;0;0;1;0;0;160
94;Big Walder Frey;None;NA;1;NA;NA;NA;1;1;1;1;0;0;1;NA
95;Biter;None;300;2;1;4;37;1;0;0;1;0;1;0;188
96;Black Bernarr;Night's Watch;NA;3;18;NA;NA;1;0;0;0;1;0;1;183
97;Black Walder Frey;None;NA;3;35;NA;NA;1;1;0;0;1;0;0;166
98;Blane;Night's Watch;NA;2;23;NA;NA;1;0;0;1;0;0;0;248
99;Bloodbeard;None;NA;5;25;NA;NA;1;0;0;0;0;0;1;48
100;Blue Bard;Tyrell;NA;4;12;NA;NA;1;0;0;0;0;1;0;107
101;Bonifer Hasty;Lannister;NA;2;65;NA;NA;1;1;0;1;0;1;0;206
102;Borcas;Night's Watch;NA;1;48;NA;NA;1;0;1;0;0;0;0;296
103;Boremund Harlaw;Greyjoy;NA;4;11;NA;NA;1;1;0;0;0;1;0;108
104;Boros Blount;Baratheon;NA;1;8;NA;NA;1;1;1;1;1;1;1;336
105;Borroq;Wildling;NA;5;0;NA;NA;1;0;0;0;0;0;1;73
106;Bowen Marsh;Night's Watch;NA;1;21;NA;NA;1;0;1;0;1;0;1;323
107;Bran Stark;Stark;NA;1;1;NA;NA;1;1;1;1;1;0;1;343
108;Brandon Norrey;Stark;NA;5;49;NA;NA;1;1;0;0;0;0;1;24
109;Brenett;None;NA;3;49;NA;NA;1;0;0;0;1;0;0;152
110;Brienne of Tarth;Stark;NA;2;22;NA;NA;0;1;0;1;1;1;1;249
111;Bronn;Lannister;NA;1;28;NA;NA;1;1;1;1;1;0;0;316
112;Brown Bernarr;Night's Watch;299;2;23;3;33;1;0;0;1;1;0;0;80
113;Brusco;None;NA;4;22;NA;NA;1;0;0;0;0;1;1;97
114;Bryan Fossoway;Baratheon;299;1;42;2;62;1;1;1;1;0;0;0;93
115;Bryce Caron;Baratheon;299;1;29;2;65;1;1;1;1;0;0;0;109
116;Bryen;None;NA;3;68;NA;NA;1;0;0;0;1;0;0;133
117;Bryen Farring;Baratheon;300;2;10;5;62;1;1;0;1;0;0;1;250
118;Brynden Rivers;Targaryen;NA;5;34;NA;NA;1;1;0;0;0;0;1;39
119;Brynden Tully;Tully;NA;1;2;NA;NA;1;1;1;1;1;1;0;342
120;Burton Crakehall;Lannister;299;1;55;2;7;1;1;1;1;0;0;0;25
121;Butterbumps;Tyrell;NA;3;6;NA;NA;1;0;0;0;1;0;0;195
122;Byam Flint;Night's Watch;299;3;33;3;33;1;0;0;0;1;0;0;0
123;Byan Votyris;None;NA;1;54;NA;NA;1;0;1;0;0;0;0;290
124;Byron;Arryn;NA;4;41;NA;NA;1;0;0;0;0;1;0;78
125;Cadwyn;Lannister;NA;2;47;NA;NA;1;0;0;1;0;0;0;224
126;Caleotte;Martell;NA;4;2;NA;NA;1;0;0;0;0;1;1;117
127;Catelyn Tully;Stark;299;1;2;3;51;0;1;1;1;1;0;0;192
128;Cayn;Stark;298;1;4;1;49;1;0;1;0;0;0;0;45
129;Cellador;Night's Watch;NA;1;48;NA;NA;1;0;1;0;1;0;1;296
130;Cersei Frey;None;NA;3;49;NA;NA;0;1;0;0;1;0;0;152
131;Cersei Lannister;Lannister;NA;1;4;NA;NA;0;1;1;1;1;1;1;340
132;Chataya;None;NA;2;15;NA;NA;0;0;0;1;0;0;0;256
133;Chayle;Stark;299;1;9;2;50;1;0;1;1;0;0;0;114
134;Chella;Lannister;NA;1;56;NA;NA;0;0;1;1;1;0;0;288
135;Chett;Night's Watch;299;1;41;3;46;1;0;1;1;1;0;0;148
136;Chiggen;Lannister;298;1;31;1;42;1;0;1;0;0;0;0;11
137;Chiswyck;None;299;2;26;2;30;1;0;0;1;0;0;0;4
138;Clayton Suggs;Baratheon;NA;5;17;NA;NA;1;0;0;0;0;0;1;56
139;Clement Piper;Tully;NA;4;38;NA;NA;1;1;0;0;0;1;0;81
140;Cleos Frey;None;299;2;7;3;21;1;1;0;1;1;0;0;84
141;Cley Cerwyn;Stark;299;2;16;2;66;1;1;0;1;0;0;0;50
142;Clubfoot Karl;Night's Watch;300;3;0;5;4;1;0;0;0;1;0;1;132
143;Clydas;Night's Watch;NA;1;41;NA;NA;1;0;1;0;1;1;1;303
144;Cohollo;None;298;1;11;1;64;1;0;1;0;0;0;0;53
145;Coldhands;None;NA;3;46;NA;NA;1;0;0;0;1;0;1;155
146;Colemon;Arryn;NA;1;34;NA;NA;1;0;1;0;1;1;0;310
147;Colen of Greenpools;Baratheon;NA;2;22;NA;NA;1;1;0;1;0;0;0;249
148;Conn;Lannister;298;1;42;1;62;1;0;1;0;0;0;0;20
149;Conwy;Night's Watch;NA;2;6;NA;NA;1;0;0;1;0;0;0;265
150;Corliss Penny;Baratheon;NA;5;26;NA;NA;1;0;0;0;0;0;1;47
151;Cortnay Penrose;Baratheon;299;2;31;2;42;1;1;0;1;0;0;0;11
152;Cotter Pyke;Night's Watch;NA;3;48;NA;NA;1;0;0;0;1;0;0;153
153;Cragorn;Greyjoy;300;4;19;4;29;1;0;0;0;0;1;0;10
154;Craster;None;299;2;23;3;33;1;0;0;1;1;0;0;80
155;Cregan Karstark;Stark;NA;5;44;NA;NA;1;1;0;0;0;0;1;29
156;Creighton Longbough;None;NA;4;4;NA;NA;1;0;0;0;0;1;0;115
157;Cressen;Baratheon;299;2;0;1;0;1;0;0;1;0;0;0;0
158;Cuger;Night's Watch;NA;1;NA;NA;NA;1;0;1;0;0;0;0;NA
159;Cutjack;None;NA;2;5;NA;NA;1;0;0;1;0;0;0;266
160;Daario Naharis;Targaryen;NA;3;42;NA;NA;1;0;0;0;1;0;1;159
161;Dacey Mormont;Stark;299;1;63;3;51;0;1;1;0;1;0;0;131
162;Daemon Sand;Martell;NA;3;38;NA;NA;1;0;0;0;1;0;1;163
163;Daenerys Targaryen;Targaryen;NA;1;3;NA;NA;0;1;1;1;1;0;1;341
164;Dagon Codd;Greyjoy;300;5;20;5;20;1;1;0;0;0;0;1;0
165;Dagmer;Greyjoy;NA;2;11;NA;NA;1;0;0;1;0;0;0;260
166;Dalbridge;Night's Watch;299;2;43;2;53;1;0;0;1;0;0;0;10
167;Dale Seaworth;Baratheon;299;2;10;2;58;1;1;0;1;0;0;0;48
168;Dalla;Wildling;300;3;73;3;76;0;1;0;0;1;0;0;3
169;Dalla (Dragonstone);Baratheon;NA;2;0;NA;NA;0;0;0;1;0;0;0;271
170;Damon Dance-for-Me;None;NA;5;12;NA;NA;1;0;0;0;0;0;1;61
171;Damon Vypren;None;NA;3;49;NA;NA;1;1;0;0;1;0;0;152
172;Dancy;None;NA;2;29;NA;NA;0;0;0;1;0;0;0;242
173;Danwell Frey;None;NA;1;59;NA;NA;1;1;1;1;1;1;0;285
174;Dareon;Night's Watch;300;1;19;4;34;1;0;1;0;0;1;0;240
175;Daryn Hornwood;Stark;298;1;63;1;63;1;1;1;0;0;0;0;0
176;Daven Lannister;Lannister;NA;4;12;NA;NA;1;1;0;0;0;1;0;107
177;Davos Seaworth;Baratheon;NA;2;0;NA;NA;1;1;0;1;1;0;1;271
178;Del;Wildling;299;3;41;3;41;1;0;0;0;1;0;0;0
179;Delp;Tully;299;2;39;3;20;1;0;0;1;1;0;0;51
180;Denys Drumm;Greyjoy;NA;4;19;NA;NA;1;1;0;0;0;1;0;100
181;Denys Mallister;Night's Watch;NA;3;48;NA;NA;1;1;0;0;1;0;0;153
182;Dermot;Baratheon;NA;2;65;NA;NA;1;0;0;1;0;1;0;206
183;Desmond;Stark;298;1;1;1;50;1;0;1;0;0;0;0;49
184;Desmond Grell;Tully;NA;2;7;NA;NA;1;1;0;1;1;1;0;264
185;Devan Seaworth;Baratheon;NA;2;10;NA;NA;1;1;0;1;1;0;1;261
186;Deziel Dalt;Martell;NA;3;38;NA;NA;1;1;0;0;1;0;1;163
187;Dhazzar;None;NA;5;2;NA;NA;1;1;0;0;0;0;1;71
188;Dick Crabb;None;300;4;9;4;20;1;0;0;0;0;1;0;11
189;Dick Follard;Night's Watch;299;3;41;3;55;1;0;0;0;1;0;0;14
190;Dickon Manwoody;Martell;NA;3;38;NA;NA;1;1;0;0;1;0;0;163
191;Dirk;Night's Watch;300;3;0;5;4;1;0;0;0;1;0;1;132
192;Dobber;None;299;2;5;2;14;1;0;0;1;0;0;0;9
193;Donal Noye;Night's Watch;300;1;19;3;64;1;0;1;1;1;0;0;188
194;Donella Hornwood;Stark;299;2;16;2;35;0;1;0;1;0;0;0;19
195;Donnel Drumm;Greyjoy;NA;4;19;NA;NA;1;1;0;0;0;1;0;100
196;Donnel Haigh;None;NA;3;49;NA;NA;1;1;0;0;1;0;0;152
197;Donnel Hill;Night's Watch;NA;3;0;NA;NA;1;0;0;0;1;0;1;201
198;Donnel Locke;Stark;299;2;25;3;51;1;1;0;1;1;0;0;96
199;Donnel Waynwood;Tully;NA;1;34;NA;NA;1;1;1;0;0;0;0;310
200;Donnis;Stark;NA;1;7;NA;NA;1;0;1;0;0;0;0;337
201;Dontos Hollard;None;300;1;57;3;61;1;1;1;1;1;0;0;147
202;Donyse;None;NA;3;72;NA;NA;0;0;0;0;1;0;0;129
203;Doran Martell;Martell;NA;4;2;NA;NA;1;1;0;0;0;1;1;117
204;Doreah;Targaryen;299;1;11;2;12;0;0;1;1;0;0;0;74
205;Dornish Dilly;Night's Watch;299;3;55;3;55;1;0;0;0;1;0;0;0
206;Draqaz;None;NA;5;2;NA;NA;1;1;0;0;0;0;1;71
207;Drennan;Greyjoy;299;2;50;2;50;1;0;0;1;0;0;0;0
208;Drogo;Targaryen;298;1;3;1;64;1;1;1;0;0;0;0;61
209;Dudley;Stark;299;3;34;3;34;1;0;0;0;1;0;0;0
210;Dunsen;None;NA;2;26;NA;NA;1;0;0;1;0;0;0;245
211;Dunstan Drumm;Greyjoy;NA;4;19;NA;NA;1;1;0;0;0;1;0;100
212;Duram Bar Emmon;Baratheon;NA;2;0;NA;NA;1;1;0;1;0;0;0;271
213;Dykk Harlaw;Greyjoy;299;2;66;2;66;1;0;0;1;0;0;0;0
214;Dywen;Night's Watch;NA;1;48;NA;NA;1;0;1;1;1;0;1;296
215;Easy;Night's Watch;300;3;55;3;55;1;0;0;0;1;0;0;0
216;Ebben;Night's Watch;299;2;43;2;68;1;0;0;1;0;0;0;25
217;Eddard Karstark;Stark;298;1;53;1;63;1;1;1;0;0;0;0;10
218;Eddard Stark;Stark;299;1;1;1;65;1;1;1;0;0;0;0;64
219;Eddison Tollett;Night's Watch;NA;2;13;NA;NA;1;0;0;1;1;1;1;258
220;Edmure Tully;Tully;NA;1;28;NA;NA;1;1;1;1;1;1;0;316
221;Edric Dayne;None;NA;3;34;NA;NA;1;1;0;0;1;0;0;167
222;Edric Storm;Baratheon;NA;3;10;NA;NA;1;0;0;0;1;0;0;191
223;Edwyn Frey;None;NA;3;38;NA;NA;1;1;0;0;1;1;0;163
224;Eggon;None;NA;2;30;NA;NA;1;0;0;1;0;0;0;241
225;Elder Brother;None;NA;4;31;NA;NA;1;0;0;0;0;1;0;88
226;Eldred Codd;Greyjoy;NA;4;18;NA;NA;1;1;0;0;0;1;0;101
227;Eleyna Westerling;Stark;NA;3;45;NA;NA;0;1;0;0;1;1;0;156
228;Elinor Tyrell;Tyrell;NA;3;6;NA;NA;0;1;0;0;1;1;0;195
229;Ellaria Sand;Martell;NA;3;38;NA;NA;0;1;0;0;1;0;1;163
230;Elmar Frey;None;NA;1;59;NA;NA;1;1;1;1;1;0;0;285
231;Elyas Willum;Baratheon;NA;2;22;NA;NA;1;1;0;1;0;0;0;249
232;Emmon Cuy;Baratheon;299;2;33;2;42;1;1;0;1;0;0;0;9
233;Emmon Frey;Lannister;NA;1;29;NA;NA;1;1;1;0;0;1;0;315
234;Emmond;Greyjoy;NA;4;1;NA;NA;1;0;0;0;0;1;0;118
235;Emrick;Night's Watch;NA;3;75;NA;NA;1;0;0;0;1;0;1;126
236;Endehar;Greyjoy;NA;2;56;NA;NA;1;0;0;1;0;0;0;215
237;Elwood;Tully;299;3;20;3;20;1;0;0;0;1;0;0;0
238;Endrew Tarth;Night's Watch;299;1;60;3;69;1;0;1;0;1;0;0;152
239;Enger;Tully;NA;2;39;NA;NA;1;0;0;1;0;0;0;232
240;Eon Hunter;Arryn;300;1;38;3;80;1;1;1;0;1;0;0;185
241;Erik Ironmaker;Greyjoy;NA;4;19;NA;NA;1;1;0;0;0;1;0;100
242;Ermesande Hayford;None;NA;2;2;NA;NA;0;1;0;1;1;1;0;269
243;Eroeh;Targaryen;298;1;61;1;68;1;0;1;0;0;0;0;7
244;Erreck;None;NA;3;12;NA;NA;1;0;0;0;1;0;0;189
245;Erryk (Guard);Tyrell;NA;3;6;NA;NA;1;0;0;0;1;1;0;195
246;Esgred;Greyjoy;NA;2;24;NA;NA;1;0;0;1;0;0;0;247
247;Ezzara;Targaryen;NA;5;30;NA;NA;0;0;0;0;0;0;1;43
248;Falia Flowers;Greyjoy;NA;4;29;NA;NA;0;0;0;0;0;1;0;90
249;Falyse Stokeworth;Lannister;300;2;2;5;36;0;1;0;1;0;1;0;232
250;Farlen;Stark;299;2;46;2;56;1;0;0;1;0;0;0;10
251;Fat Walda Frey;None;NA;3;37;NA;NA;0;1;0;0;1;0;1;164
252;Flement Brax;Lannister;NA;1;56;NA;NA;1;1;1;0;1;1;0;288
253;Fletcher Will;None;299;3;34;3;34;1;0;0;0;1;0;0;0
254;Fogo;None;298;1;46;1;61;1;1;1;0;0;0;0;15
255;Forley Prester;Lannister;NA;4;33;NA;NA;1;1;0;0;0;1;0;86
256;Fornio;Night's Watch;NA;3;33;NA;NA;1;0;0;0;1;0;0;168
257;Frenken;Lannister;NA;2;15;NA;NA;1;0;0;1;1;0;0;256
258;Frenya;Wildling;300;5;37;5;69;0;0;0;0;0;0;1;32
259;Frynne;Martell;NA;4;40;NA;NA;0;0;0;0;0;1;0;79
260;Gage;Stark;NA;2;4;NA;NA;1;1;0;1;0;0;0;267
261;Galazza Galare;None;NA;5;23;NA;NA;0;1;0;0;0;0;1;50
262;Galbart Glover;Stark;NA;1;55;NA;NA;1;1;1;0;1;0;0;289
263;Gared;Night's Watch;297;1;0;1;1;1;0;1;0;0;0;0;1
264;Garin (Orphan);Martell;NA;4;21;NA;NA;1;0;0;0;0;1;0;98
265;Gariss;Stark;NA;2;50;NA;NA;1;0;0;1;0;0;0;221
266;Garlan Tyrell;Tyrell;NA;2;62;NA;NA;1;1;0;1;1;1;0;209
267;Garrett Paege;Lannister;NA;4;30;NA;NA;1;1;0;0;0;1;0;89
268;Garse Goodbrook;None;299;3;NA;3;NA;1;1;0;0;1;0;0;NA
269;Garth Greyfeather;Night's Watch;300;3;48;5;31;1;0;0;0;1;0;1;111
270;Garth of Greenaway;Night's Watch;300;3;33;5;4;1;0;0;0;1;0;1;99
271;Garth of Oldtown;Night's Watch;299;3;33;3;33;1;0;0;0;1;0;0;0
272;Gawen Westerling;Stark;NA;4;33;NA;NA;1;1;0;0;0;1;0;86
273;Gelmarr;Greyjoy;299;2;50;2;56;1;0;0;1;0;0;0;6
274;Gendry;None;NA;1;27;NA;NA;1;0;1;1;1;1;0;317
275;Genna Lannister;Lannister;NA;4;33;NA;NA;0;1;0;0;0;1;0;86
276;Gerald Gower;Baratheon;NA;3;54;NA;NA;1;1;0;0;1;0;0;147
277;Gerold Dayne;Martell;NA;4;13;NA;NA;1;1;0;0;0;1;0;106
278;Gerren;None;299;2;14;2;19;1;0;0;1;0;0;0;5
279;Gerris Drinkwater;Martell;NA;5;6;NA;NA;1;1;0;0;0;0;1;67
280;Gevin Harlaw;Greyjoy;299;2;37;2;66;1;1;0;1;0;0;0;29
281;Ghael;None;NA;3;71;NA;NA;1;0;0;0;1;0;1;130
282;Ghost of High Heart;None;NA;3;22;NA;NA;0;0;0;0;1;0;0;179
283;Gillam;None;NA;4;31;NA;NA;1;0;0;0;0;1;0;88
284;Gilly;Wildling;NA;2;23;NA;NA;0;0;0;1;1;1;1;248
285;Gilwood Hunter;Arryn;NA;3;80;NA;NA;1;1;0;0;1;0;0;121
286;Gladden Wylde;Stark;298;1;43;1;55;1;1;1;0;0;0;0;12
287;Glendon Hewett;Night's Watch;NA;3;69;NA;NA;1;0;0;0;1;0;0;132
288;Goady;Night's Watch;NA;3;0;NA;NA;1;0;0;0;1;0;0;201
289;Godric Borrell;None;NA;5;9;NA;NA;1;1;0;0;0;0;1;64
290;Godry Farring;Baratheon;NA;5;3;NA;NA;1;1;0;0;0;0;1;70
291;Godwyn;Lannister;NA;1;32;NA;NA;1;0;1;0;0;0;0;312
292;Goghor;None;NA;5;52;NA;NA;1;0;0;0;0;0;1;21
293;Gormond Goodbrother;Greyjoy;NA;4;1;NA;NA;1;1;0;0;0;1;0;118
294;Gorold Goodbrother;Greyjoy;NA;4;1;NA;NA;1;1;0;0;0;1;0;118
295;Gran Goodbrother;Greyjoy;NA;4;1;NA;NA;1;1;0;0;0;1;0;118
296;Grazdan;None;299;3;27;3;27;1;1;0;0;1;0;0;0
297;Grazdan mo Eraz;None;NA;3;42;NA;NA;1;1;0;0;1;0;0;159
298;Grazdan mo Ullhor;None;299;3;27;3;27;1;1;0;0;1;0;0;0
299;Grazdan zo Galare;None;NA;5;2;NA;NA;1;1;0;0;0;0;1;71
300;Grazdar zo Galare;None;NA;5;2;NA;NA;1;1;0;0;0;0;1;71
301;Gregor Clegane;Lannister;300;1;29;4;72;1;1;1;1;1;0;0;268
302;Grenn;Night's Watch;NA;1;19;NA;NA;1;0;1;1;1;1;1;325
303;Grey Worm;Targaryen;NA;3;42;NA;NA;1;0;0;0;1;0;1;159
304;Greydon Goodbrother;Greyjoy;NA;4;1;NA;NA;1;1;0;0;0;1;0;118
305;Grigg;Wildling;NA;3;30;NA;NA;1;0;0;0;1;0;0;171
306;Grisel;None;NA;3;68;NA;NA;0;0;0;0;1;0;0;133
307;Groleo;Targaryen;300;3;NA;5;59;1;0;0;0;1;0;1;NA
308;Grubbs;Night's Watch;300;3;0;5;4;1;0;0;0;1;0;1;132
309;Grunt;None;NA;5;12;NA;NA;1;0;0;0;0;0;1;61
310;Gueren;Night's Watch;NA;1;38;NA;NA;1;0;1;0;0;0;0;306
311;Guncer Sunglass;Baratheon;299;2;0;3;10;1;1;0;1;1;0;0;80
312;Guyard Morrigen;Baratheon;299;2;22;2;62;1;1;0;1;0;0;0;40
313;Gwin Goodbrother;Greyjoy;NA;4;1;NA;NA;0;1;0;0;0;1;0;118
314;Gylbert Farwynd;Greyjoy;NA;4;19;NA;NA;1;1;0;0;0;1;0;100
315;Gyles Farwynd;Greyjoy;NA;4;19;NA;NA;1;1;0;0;0;1;0;100
316;Gyles Grafton;Arryn;NA;4;41;NA;NA;1;1;0;0;0;1;0;78
317;Gyles Rosby;Lannister;300;1;57;4;39;1;1;1;1;1;1;0;207
318;Gynir;Greyjoy;299;2;50;2;56;1;0;0;1;0;0;0;6
319;Gysella Goodbrother;Greyjoy;NA;4;1;NA;NA;0;1;0;0;0;1;0;118
320;Haggo;None;298;1;11;1;64;1;0;1;0;0;0;0;53
321;Hairy Hal;Night's Watch;300;3;55;5;31;1;0;0;0;1;1;1;104
322;Hake;Night's Watch;299;1;52;3;46;1;0;1;1;1;0;0;137
323;Halder;Night's Watch;NA;1;19;NA;NA;1;0;1;0;1;0;0;325
324;Haldon;Targaryen;NA;5;8;NA;NA;1;0;0;0;0;0;1;65
325;Hali;Wildling;298;1;37;1;37;0;0;1;0;0;0;0;0
326;Hallis Mollen;Stark;NA;1;14;NA;NA;1;1;1;1;0;0;0;330
327;Hallyne;Lannister;NA;2;17;NA;NA;1;0;0;1;0;1;0;254
328;Halys Hornwood;Stark;298;1;53;1;62;1;1;1;0;0;0;0;9
329;Hamish the Harper;None;300;3;32;5;43;1;0;0;0;1;1;0;139
330;Hareth (Mole's Town);Night's Watch;NA;3;64;NA;NA;1;0;0;0;1;0;1;137
331;Harghaz;None;300;5;52;5;70;1;0;0;0;0;0;1;18
332;Harma;Wildling;300;3;0;3;75;0;1;0;0;1;0;0;75
333;Harmund Sharp;Greyjoy;NA;4;19;NA;NA;1;1;0;0;0;1;0;100
334;Harmune;Night's Watch;NA;5;78;NA;NA;1;0;0;0;0;0;1;0
335;Harra;None;299;2;26;2;64;0;0;0;1;0;0;0;38
336;Harrag Sharp;Greyjoy;299;2;66;5;19;1;1;0;1;0;1;0;151
337;Harras Harlaw;Greyjoy;NA;4;11;NA;NA;1;1;0;0;0;1;0;108
338;Harwood Fell;Baratheon;300;5;17;5;42;1;1;0;0;0;0;1;25
339;Hazzea;None;300;5;11;5;11;0;0;0;0;0;0;1;0
340;Harrion Karstark;Stark;NA;1;53;NA;NA;1;1;1;1;0;0;0;291
341;Harry Strickland;None;NA;5;24;NA;NA;1;0;0;0;0;0;1;49
342;Harwin;Stark;NA;1;1;NA;NA;1;0;1;0;1;1;0;343
343;Harwood Stout;Stark;NA;5;32;NA;NA;1;1;0;0;0;0;1;41
344;Harys Haigh;None;NA;2;64;NA;NA;1;1;0;1;1;0;0;207
345;Harys Swyft;Lannister;NA;1;69;NA;NA;1;1;1;1;1;1;1;275
346;Helman Tallhart;Stark;299;1;55;3;37;1;1;1;0;1;0;0;125
347;Henly (Maester);None;NA;5;37;NA;NA;1;0;0;0;0;0;1;36
348;Heward;Stark;298;1;35;1;35;1;0;1;0;0;0;0;0
349;High Sparrow;None;NA;4;4;NA;NA;1;0;0;0;0;1;1;115
350;Hobb;Night's Watch;NA;1;52;NA;NA;1;0;1;0;1;0;1;292
351;Hobber Redwyne;Tyrell;NA;1;27;NA;NA;1;1;1;1;1;1;0;317
352;Hod;None;NA;2;5;NA;NA;1;0;0;1;0;0;0;266
353;Hodor;Stark;NA;1;24;NA;NA;1;0;1;1;1;0;1;320
354;Holger;None;NA;2;49;NA;NA;1;0;0;1;0;0;0;222
355;Holly;Wildling;300;5;37;5;69;0;0;0;0;0;0;1;32
356;Hop-Robin;Night's Watch;NA;3;75;NA;NA;1;0;0;0;1;0;1;126
357;Horas Redwyne;Tyrell;NA;1;27;NA;NA;1;1;1;1;0;1;0;317
358;Horton Redfort;Arryn;NA;4;23;NA;NA;1;1;0;0;0;1;0;96
359;Hosteen Frey;None;NA;1;59;NA;NA;1;1;1;1;1;0;1;285
360;Hoster Tully;Tully;299;1;71;3;35;1;1;1;1;1;0;0;107
361;Hot Pie;None;NA;2;1;NA;NA;1;0;0;1;1;0;0;270
362;Hother Umber;Stark;NA;2;16;NA;NA;1;1;0;1;0;0;1;255
363;Howd Wanderer;Wildling;NA;5;58;NA;NA;1;1;0;0;0;0;1;15
364;Hubard Rambton;Baratheon;299;2;10;5;10;1;1;0;1;0;0;0;198
365;Hugh;Arryn;298;1;25;1;29;1;0;1;0;0;0;0;4
366;Hugo Vance;Tully;NA;4;30;NA;NA;1;1;0;0;0;1;0;89
367;Hullen;Stark;298;1;1;1;50;1;0;1;0;0;0;0;49
368;Humfrey Swyft;Lannister;NA;4;16;NA;NA;1;1;0;0;0;1;0;103
369;Husband;None;NA;3;11;NA;NA;1;0;0;0;1;0;0;190
370;Hyle Hunt;None;300;4;14;4;42;1;1;0;0;0;1;0;28
371;Iggo;None;299;3;3;3;3;1;0;0;0;1;0;0;0
372;Illyrio Mopatis;Targaryen;NA;1;3;NA;NA;1;1;1;0;0;0;1;341
373;Ilyn Payne;Lannister;NA;1;15;NA;NA;1;1;1;1;1;1;0;329
374;Imry Florent;Baratheon;299;2;58;3;4;1;1;0;1;1;0;0;16
375;Iron Emmett;Night's Watch;NA;3;79;NA;NA;1;0;0;0;1;0;1;122
376;Irri;Targaryen;NA;1;11;NA;NA;0;0;1;1;1;0;1;333
377;Ithoke;None;NA;5;11;NA;NA;1;0;0;0;0;0;1;62
378;Jacelyn Bywater;Lannister;299;2;8;2;19;0;1;0;1;0;0;0;11
379;Jack Bulwer;Night's Watch;300;3;64;5;31;1;0;0;0;1;1;1;95
380;Jack-Be-Lucky;None;NA;3;17;NA;NA;1;0;0;0;1;1;0;184
381;Jacks;Stark;NA;1;22;NA;NA;1;0;1;1;0;0;0;322
382;Jaggot;None;NA;1;42;NA;NA;1;0;1;0;0;0;0;302
383;Jaime Lannister;Lannister;NA;1;5;NA;NA;1;1;1;1;1;1;1;339
384;Jalabhar Xho;None;NA;1;29;NA;NA;1;1;1;1;1;1;0;315
385;Janna Tyrell;Tyrell;NA;3;6;NA;NA;0;1;0;0;1;1;0;195
386;Janos Slynt;None;300;1;27;5;7;1;1;1;1;1;0;1;251
387;Jaqen H'ghar;None;NA;2;5;NA;NA;1;0;0;1;0;1;0;266
388;Jared Frey;None;300;1;59;5;37;1;1;1;1;0;0;1;249
389;Jaremy Rykker;Night's Watch;298;1;21;5;60;1;1;1;0;0;0;0;310
390;Jarl;Wildling;299;3;7;3;26;1;0;0;0;1;0;0;19
391;Jarman Buckwell;Night's Watch;300;2;13;5;21;1;0;0;1;0;0;1;206
392;Jason Mallister;Stark;NA;1;28;NA;NA;1;1;1;0;1;0;0;316
393;Jate;Lannister;NA;4;44;4;44;1;0;0;0;0;1;0;0
394;Jate Blackberry;Baratheon;NA;3;10;3;10;1;0;0;0;1;0;0;0
395;Jeor Mormont;Night's Watch;299;1;48;3;33;1;1;1;1;1;0;0;128
396;Jeren;Night's Watch;NA;1;19;NA;NA;1;0;1;0;0;0;0;325
397;Jeyne Poole;Stark;NA;1;7;NA;NA;0;1;1;0;1;0;1;337
398;Jeyne Westerling;Stark;NA;3;14;NA;NA;0;1;0;0;1;1;0;187
399;Jhaqo;None;NA;1;68;NA;NA;1;1;1;0;0;0;1;276
400;Jhezane;None;NA;5;2;NA;NA;0;1;0;0;0;0;1;71
401;Jhiqui;Targaryen;NA;1;11;NA;NA;0;0;1;1;1;0;1;333
402;Jhogo;Targaryen;NA;1;23;NA;NA;1;0;1;1;1;0;1;321
403;Jocelyn Swyft;Lannister;NA;4;3;NA;NA;0;1;0;0;0;1;1;116
404;Jodge;Lannister;NA;2;30;NA;NA;1;0;0;1;0;0;0;241
405;Jojen Reed;Stark;NA;2;21;NA;NA;1;1;0;1;1;0;1;250
406;Jommy;Baratheon;NA;2;0;NA;NA;1;0;0;1;0;0;0;271
407;Jon Bettley;Lannister;NA;4;16;NA;NA;1;1;0;0;0;1;0;103
408;Jon Connington;Targaryen;NA;5;5;NA;NA;1;1;0;0;0;0;1;68
409;Jon Fossoway;Baratheon;NA;2;22;NA;NA;1;1;0;1;0;0;0;249
410;Jon Snow;Night's Watch;NA;1;1;NA;NA;1;1;1;1;1;1;1;343
411;Jon Umber (Greatjon);Stark;NA;1;51;NA;NA;1;1;1;1;1;0;0;293
412;Joffrey Baratheon;Lannister;300;1;5;3;60;1;1;1;1;1;0;0;198
413;Jon Umber (Smalljon);Stark;299;1;63;3;51;1;1;1;0;1;0;0;131
414;Jonelle Cerwyn;Stark;NA;1;53;NA;NA;0;1;1;0;0;0;0;291
415;Jonos Bracken;Tully;NA;1;28;NA;NA;1;1;1;0;1;0;1;316
416;Jorah Mormont;Targaryen;NA;1;23;NA;NA;1;1;1;1;1;0;1;321
417;Jory Cassel;Stark;298;1;1;1;35;1;1;1;0;0;0;0;34
418;Joseran;Greyjoy;NA;4;11;NA;NA;1;0;0;0;0;1;0;108
419;Joseth;Stark;NA;1;37;NA;NA;1;0;1;1;0;0;0;307
420;Josmyn Peckledon;Lannister;NA;2;65;NA;NA;1;0;0;1;1;1;1;206
421;Joss;None;NA;1;43;NA;NA;1;0;1;0;0;0;0;301
422;Joss Stilwood;Lannister;NA;1;NA;NA;NA;1;0;1;0;0;0;0;NA
423;Josua Willum;Baratheon;NA;2;22;NA;NA;1;1;0;1;0;0;0;249
424;Jothos Slynt;Lannister;NA;3;66;NA;NA;1;1;0;0;1;0;0;135
425;Joyeuse Erenford;None;NA;1;28;NA;NA;0;1;1;0;1;0;0;316
426;Justin Massey;Baratheon;NA;5;7;NA;NA;1;1;0;0;0;0;1;66
427;Jyck;Lannister;298;1;21;1;31;1;0;1;0;0;0;0;10
428;Jynessa Blackmont;Martell;NA;3;38;NA;NA;0;1;0;0;1;0;0;163
429;Karyl Vance;Tully;NA;1;43;NA;NA;1;1;1;0;1;1;0;301
430;Kedge Whiteye;Night's Watch;NA;2;43;NA;NA;1;0;0;1;1;1;0;228
431;Kella;None;NA;3;68;NA;NA;0;0;0;0;1;0;0;133
432;Kennos of Kayce;Lannister;NA;3;6;NA;NA;1;1;0;0;1;1;1;195
433;Ketter;Night's Watch;NA;1;52;NA;NA;1;0;1;0;0;0;0;292
434;Kenned;Greyjoy;299;2;66;2;66;1;0;0;1;0;0;0;0
435;Kerwin;Tyrell;300;4;29;5;56;1;0;0;0;0;1;1;73
436;Kevan Lannister;Lannister;300;1;56;5;NA;1;1;1;1;1;1;1;NA
437;Kezmya;None;NA;5;2;NA;NA;0;1;0;0;0;0;1;71
438;Khorane Sathmantes;None;NA;3;10;NA;NA;1;0;0;0;1;0;0;191
439;Khrazz;None;300;5;11;5;67;1;0;0;0;0;0;1;56
440;Kindly man;None;NA;4;6;NA;NA;1;0;0;0;0;1;1;113
441;Kojja Mo;None;NA;4;35;NA;NA;0;0;0;0;0;1;0;84
442;Koss;Night's Watch;299;2;5;2;14;1;0;0;1;0;0;0;9
443;Kraznys mo Nakloz;None;299;3;23;3;27;1;1;0;0;1;0;0;4
444;Kromm;Greyjoy;299;2;56;2;66;1;0;0;1;0;0;0;10
445;Kurleket;None;298;1;31;1;31;1;0;1;0;0;0;0;0
446;Kurz;Night's Watch;299;2;5;2;19;1;0;0;1;0;0;0;14
447;Kyle (Banners);None;299;3;39;3;39;1;0;0;0;1;0;0;0
448;Kyra;Stark;300;1;37;5;12;0;0;1;1;0;0;1;246
449;Lady of the Leaves;None;NA;3;22;NA;NA;0;0;0;0;1;0;0;179
450;Lambert Turnberry;Lannister;NA;4;7;NA;NA;1;1;0;0;0;1;0;112
451;Lamprey;Baratheon;NA;3;25;NA;NA;1;0;0;0;1;0;0;176
452;Lancel Lannister;Lannister;NA;1;47;NA;NA;1;1;1;1;1;1;1;297
453;Lanna (Happy Port);None;NA;4;34;NA;NA;0;0;0;0;0;1;0;85
454;Lark;Night's Watch;299;2;23;3;46;1;0;0;1;1;0;0;93
455;Larra Blackmont;Martell;NA;3;38;NA;NA;0;1;0;0;1;0;0;163
456;Larraq;Targaryen;NA;5;59;NA;NA;1;0;0;0;0;0;1;14
457;Leathers;Night's Watch;NA;5;35;NA;NA;1;0;0;0;0;0;1;38
458;Left Hand Lew;Night's Watch;NA;3;48;NA;NA;1;0;0;0;1;0;1;153
459;Lem;None;NA;3;13;NA;NA;1;0;0;0;1;1;0;188
460;Lennocks;None;NA;3;34;NA;34;1;0;0;0;1;0;0;167
461;Lenwood Tawney;Greyjoy;NA;4;18;NA;NA;1;0;0;0;0;1;0;101
462;Leo Lefford;Lannister;299;1;62;2;45;1;1;1;1;0;0;0;56
463;Leo Tyrell;Tyrell;NA;4;0;NA;NA;1;1;0;0;0;1;0;119
464;Leobald Tallhart;Stark;299;2;16;2;66;1;1;0;1;0;0;0;50
465;Leona Woolfield;Stark;NA;5;19;NA;NA;0;1;0;0;0;0;1;54
466;Leonette Fossoway;Tyrell;NA;3;6;NA;NA;0;1;0;0;1;0;0;195
467;Lew;Stark;NA;1;7;NA;NA;1;0;1;0;0;0;0;337
468;Lewis Lanster;None;NA;5;25;NA;NA;1;0;0;0;0;0;1;48
469;Lewys Lydden;Lannister;NA;1;62;NA;NA;1;1;1;1;0;0;0;282
470;Lewys Piper;Lannister;NA;4;27;NA;NA;1;1;0;0;0;1;0;92
471;Lharys;Stark;298;1;31;1;34;1;1;1;0;0;0;0;3
472;Little Walder Frey;None;300;1;59;5;51;1;1;1;1;0;0;1;263
473;Lollys Stokeworth;Lannister;NA;2;2;NA;NA;0;1;0;1;1;0;0;269
474;Lommy;Night's Watch;299;2;1;2;19;1;0;0;1;0;0;0;18
475;Loras Tyrell;Tyrell;NA;1;18;NA;NA;1;1;1;1;1;1;0;326
476;Lorcas;None;NA;4;45;NA;NA;1;0;0;0;0;1;0;74
477;Lord of Bones;Wildling;300;2;68;5;10;1;1;0;1;1;0;1;140
478;Lorent Caswell;Baratheon;NA;2;22;NA;NA;1;1;0;1;0;0;0;249
479;Lorren;Greyjoy;299;2;37;2;66;1;0;0;1;0;0;0;29
480;Lothar Frey;None;NA;3;35;NA;NA;1;1;0;0;1;0;0;166
481;Lothor Brune;None;NA;1;29;NA;NA;1;1;1;1;1;1;0;315
482;Lucan;None;299;2;38;2;64;1;0;0;1;0;0;0;26
483;Lucas Blackwood;Tully;299;2;22;3;51;1;1;0;1;1;0;0;99
484;Lucas Codd;Greyjoy;NA;4;11;NA;NA;1;1;0;0;0;1;0;108
485;Lucias Vypren;None;NA;3;49;NA;NA;1;1;0;0;1;0;0;152
486;Luco Prestayn;None;NA;4;22;NA;NA;1;0;0;0;0;1;0;97
487;Luke of Longtown;Night's Watch;NA;5;35;NA;NA;1;0;0;0;0;0;1;38
488;Luton;None;300;5;37;5;51;1;0;0;0;0;0;1;14
489;Luwin;Stark;299;1;14;2;69;1;0;1;1;0;0;0;128
490;Lyle Crakehall;Lannister;NA;4;12;NA;NA;1;1;0;0;0;1;0;107
491;Lyman Darry;Tully;299;1;71;3;7;1;1;1;1;0;0;0;79
492;Lymond Goodbrook;Tully;NA;3;45;NA;NA;1;1;0;0;1;0;0;156
493;Lymond Lychester;Tully;NA;3;22;NA;NA;1;1;0;0;1;0;0;179
494;Lyn Corbray;Arryn;NA;1;38;NA;NA;1;1;1;0;0;1;0;306
495;Lyonel;None;NA;2;38;NA;NA;1;0;0;1;0;0;0;233
496;Lysa Tully;Arryn;300;1;34;3;NA;0;1;1;0;1;0;0;NA
497;Lysono Maar;None;NA;5;24;NA;NA;1;0;0;0;0;0;1;49
498;Mace Tyrell;Tyrell;NA;2;62;NA;NA;1;1;0;1;1;1;1;209
499;Mad Huntsman;None;NA;3;29;NA;NA;1;0;0;0;1;0;0;172
500;Maege Mormont;Stark;NA;1;53;NA;NA;0;1;1;0;1;0;0;291
501;Maerie (Goodwife);None;299;3;34;3;34;0;0;0;0;1;0;0;0
502;Maerie (Whore);None;299;3;34;3;34;0;0;0;0;1;0;0;0
503;Mag Mar Tun Doh Weg;Wildling;300;3;15;3;64;1;1;0;0;1;0;0;49
504;Mago;None;NA;1;61;NA;NA;1;0;1;0;0;0;0;283
505;Mallador Locke;Night's Watch;299;2;13;5;18;1;0;0;1;1;0;0;203
506;Malliard;Lannister;NA;2;20;NA;NA;1;0;0;1;0;0;0;251
507;Mallor;Lannister;NA;1;63;NA;NA;1;0;1;0;0;0;0;281
508;Mance Rayder;Wildling;NA;3;15;NA;NA;1;1;0;0;1;0;1;186
509;Mandon Moore;Baratheon;299;1;51;2;61;1;1;1;1;0;0;0;83
510;Maric Seaworth;Baratheon;299;2;10;2;58;1;1;0;1;0;0;0;48
511;Marei;None;NA;2;29;NA;NA;0;0;0;1;0;0;0;242
512;Margaery Tyrell;Tyrell;NA;2;22;NA;NA;0;1;0;1;1;1;0;249
513;Marillion;Arryn;300;1;28;4;23;1;0;1;0;1;1;0;220
514;Maris;Wildling;NA;5;58;NA;NA;0;0;0;0;0;0;1;15
515;Marissa Frey;None;NA;3;49;NA;NA;0;1;0;0;1;1;0;152
516;Mariya Darry;None;NA;4;30;NA;NA;0;1;0;0;0;1;0;89
517;Mark Mullendore;Tully;NA;2;22;NA;NA;1;1;0;1;0;0;0;249
518;Marlon Manderly;Stark;NA;5;19;NA;NA;1;1;0;0;0;0;1;54
519;Maron Volmark;Greyjoy;NA;4;18;NA;NA;1;1;0;0;0;1;0;101
520;Marq Piper;Tully;NA;1;56;NA;NA;1;1;1;0;1;0;0;288
521;Martyn Rivers;None;NA;1;29;NA;NA;1;1;1;1;1;0;0;315
522;Marwyn;None;NA;4;0;NA;NA;1;0;0;0;0;1;0;119
523;Marwyn Belmore;Arryn;NA;4;10;NA;NA;1;1;0;0;0;1;0;109
524;Masha Heddle;Tully;298;1;28;1;56;0;0;1;0;0;0;0;28
525;Maslyn;Night's Watch;299;3;0;3;18;1;0;0;0;1;0;0;18
526;Mathis Rowan;Lannister;NA;2;22;NA;NA;1;1;0;1;1;1;0;249
527;Mathos Mallarawan;None;NA;2;40;NA;NA;1;1;0;1;0;0;0;231
528;Matrice;Baratheon;NA;2;0;NA;NA;0;0;0;1;0;0;0;271
529;Matthos Seaworth;Baratheon;299;2;10;2;58;1;1;0;1;0;0;0;48
530;Matthar;Night's Watch;NA;1;41;NA;NA;1;0;1;0;0;0;0;303
531;Mawney;Night's Watch;300;3;18;5;4;1;0;0;0;1;0;1;114
532;Mebble;None;NA;2;47;NA;NA;1;0;0;1;0;0;0;224
533;Medger Cerwyn;Stark;299;1;53;2;30;1;1;1;1;0;0;0;50
534;Meera Reed;Stark;NA;2;21;NA;NA;0;1;0;1;1;0;1;250
535;Megga Tyrell;Tyrell;NA;3;6;NA;NA;0;1;0;0;1;1;0;195
536;Meha;Wildling;NA;5;0;NA;NA;0;0;0;0;0;0;1;73
537;Mela;Arryn;NA;4;23;NA;NA;0;0;0;0;0;1;0;96
538;Meldred Merlyn;Greyjoy;NA;4;1;NA;NA;1;1;0;0;0;1;0;118
539;Meliana;Stark;NA;3;69;NA;NA;0;0;0;0;1;0;0;132
540;Melisandre;Baratheon;NA;2;0;NA;NA;0;0;0;1;1;0;1;271
541;Mellei;Martell;NA;4;40;NA;NA;0;0;0;0;0;1;0;79
542;Melly;None;NA;3;34;NA;NA;0;0;0;0;1;0;0;167
543;Meredyth Crane;Tyrell;NA;3;61;NA;NA;0;1;0;0;1;1;0;140
544;Meribald;None;NA;4;25;NA;NA;1;0;0;0;0;1;0;94
545;Merlon Crakehall;Lannister;NA;3;38;NA;NA;1;1;0;0;1;0;0;163
546;Mero;None;299;3;42;3;57;1;0;0;0;1;0;0;15
547;Merrett Frey;None;300;1;59;3;NA;1;1;1;0;1;0;0;NA
548;Meryn Trant;Lannister;NA;1;8;NA;NA;1;1;1;1;1;1;1;336
549;Mezzara;None;NA;5;2;NA;NA;0;1;0;0;0;0;1;71
550;Mikken;Stark;299;1;8;2;46;1;0;1;1;0;0;0;111
551;Miklaz;None;NA;5;2;NA;NA;1;1;0;0;0;0;1;71
552;Mirri Maz Duur;None;299;1;61;1;72;0;0;1;0;0;0;0;11
553;Missandei;Targaryen;NA;3;23;NA;NA;0;0;0;0;1;0;1;178
554;Mohor;None;298;1;31;1;31;1;1;1;0;0;0;0;0
555;Mollander;None;NA;4;0;NA;NA;1;0;0;0;0;1;0;119
556;Monford Velaryon;Baratheon;299;2;0;3;25;1;1;0;1;0;0;0;95
557;Monster;Wildling;NA;3;33;NA;NA;1;0;0;0;1;1;1;168
558;Moon Boy;Baratheon;NA;1;29;NA;NA;1;0;1;1;1;1;0;315
559;Moqorro;Greyjoy;NA;5;33;NA;NA;1;0;0;0;0;0;1;40
560;Mord;Arryn;NA;1;38;NA;NA;1;0;1;0;0;1;0;306
561;Mordane;Stark;298;1;7;1;67;0;0;1;0;0;0;0;60
562;Moreo Tumitis;None;NA;1;18;NA;NA;1;0;1;0;0;0;0;326
563;Morgarth;None;NA;4;41;NA;NA;1;0;0;0;0;1;0;78
564;Morna White Mask;Wildling;NA;5;48;NA;NA;0;1;0;0;0;0;1;25
565;Moro;None;NA;1;3;NA;NA;1;1;1;0;0;0;0;341
566;Morra;Martell;NA;4;40;NA;NA;0;0;0;0;0;1;0;79
567;Morrec;Lannister;298;1;13;1;31;1;0;1;0;0;0;0;18
568;Morros Slynt;Lannister;NA;2;2;NA;NA;1;1;0;1;1;0;0;269
569;Mors Manwoody;Martell;NA;3;38;NA;NA;1;1;0;0;1;0;0;163
570;Mors Umber;Stark;NA;2;21;NA;NA;1;1;0;1;0;0;0;250
571;Morton Waynwood;Arryn;NA;1;40;NA;NA;1;1;1;0;0;0;0;304
572;Mudge (miller);None;299;3;34;3;34;1;0;0;0;1;0;0;0
573;Mully;Night's Watch;NA;3;55;NA;NA;1;0;0;0;1;1;1;146
574;Munciter;Lannister;NA;2;20;NA;NA;1;0;0;1;0;0;0;251
575;Murch;Night's Watch;NA;2;9;NA;NA;1;0;0;1;0;0;0;262
576;Murch (Winterfell);Stark;NA;2;50;NA;NA;1;0;0;1;0;0;0;221
577;Mossador;Targaryen;300;3;11;5;11;1;0;0;0;1;0;1;128
578;Murenmure;Greyjoy;NA;4;1;NA;NA;1;0;0;0;0;1;0;118
579;Muttering Bill;Night's Watch;300;3;NA;5;4;1;0;0;0;1;0;1;NA
580;Mya Stone;Arryn;NA;1;34;NA;NA;0;0;1;0;0;1;0;310
581;Mycah;Stark;298;1;15;1;16;1;0;1;0;0;0;0;1
582;Myles;Martell;NA;4;2;NA;NA;1;0;0;0;0;1;1;117
583;Myles Manwoody;Martell;NA;3;38;NA;NA;1;1;0;0;1;0;0;163
584;Myranda Royce;Arryn;NA;4;41;NA;NA;0;1;0;0;0;1;0;78
585;Myrcella Baratheon;Lannister;NA;1;5;NA;NA;0;1;1;1;0;1;0;339
586;Myria Jordayne;Martell;NA;3;38;NA;NA;0;0;0;0;1;0;1;163
587;Myrtle;Wildling;300;5;37;5;69;0;0;0;0;0;0;1;32
588;Nage;None;NA;3;44;NA;NA;1;0;0;0;1;0;0;157
589;Myles;Tully;299;2;39;2;39;1;0;0;1;0;0;0;0
590;Nan;Stark;NA;1;1;NA;NA;0;0;1;1;0;0;0;343
591;Narbert;None;NA;4;31;NA;NA;1;0;0;0;0;1;0;88
592;Nestor Royce;Arryn;NA;1;34;NA;NA;1;1;1;0;0;1;0;310
593;Nolla;None;299;3;34;3;34;0;0;0;0;1;0;0;0
594;Norjen;Greyjoy;NA;4;1;NA;NA;1;0;0;0;0;1;0;118
595;Nurse;None;300;5;57;5;57;1;0;0;0;0;0;1;0
596;Notch;None;NA;3;43;NA;NA;1;0;0;0;1;0;0;158
597;Nute;Greyjoy;NA;4;18;NA;NA;1;0;0;0;0;1;0;101
598;Nymella Toland;Martell;NA;5;38;NA;NA;0;1;0;0;0;0;1;35
599;Nymeria Sand;Martell;NA;4;2;NA;NA;0;1;0;0;0;1;1;117
600;Obara Sand;Martell;NA;4;2;NA;NA;0;1;0;0;0;1;1;117
601;Oberyn Martell;Martell;300;3;38;3;70;1;1;0;0;1;0;0;32
602;Ogo;None;298;1;46;1;61;1;1;1;0;0;0;0;15
603;Old Henly;Night's Watch;299;3;55;3;55;1;0;0;0;1;0;0;0
604;Olenna Redwyne;Tyrell;NA;3;19;NA;NA;0;1;0;0;1;1;0;182
605;Ollo Lophand;Night's Watch;300;3;0;5;4;1;0;0;0;1;0;1;132
606;Olyvar Frey;None;NA;1;59;NA;NA;1;1;1;0;0;0;0;285
607;Ondrew Locke;Stark;NA;5;37;NA;NA;1;1;0;0;0;0;1;36
608;Oppo;None;300;3;60;4;17;1;0;0;0;1;1;0;39
609;Orell;Wildling;299;2;51;2;51;1;0;0;1;0;0;0;0
610;Orphan Oss;Night's Watch;300;3;NA;5;4;1;0;0;0;1;0;1;NA
611;Orton Merryweather;Lannister;NA;3;11;NA;NA;1;1;0;0;1;1;0;190
612;Osfryd Kettleblack;Lannister;NA;2;41;NA;NA;1;1;0;1;1;1;0;230
613;Osha;Stark;NA;1;37;NA;NA;0;0;1;1;0;0;0;307
614;Osmund Kettleblack;Lannister;NA;2;41;NA;NA;1;1;0;1;1;1;0;230
615;Osney Kettleblack;Lannister;NA;2;41;NA;NA;1;1;0;1;1;1;0;230
616;Ossy;Arryn;NA;4;41;NA;NA;1;0;0;0;0;1;0;78
617;Oswell Kettleblack;None;NA;3;68;NA;NA;1;1;0;0;1;0;0;133
618;Othell Yarwyck;Night's Watch;NA;1;48;NA;NA;1;0;1;0;1;0;1;296
619;Ottyn Wythers;Night's Watch;299;2;13;3;48;1;0;0;1;1;0;0;105
620;Owen;Night's Watch;NA;3;55;NA;NA;1;0;0;0;1;0;1;146
621;Owen Norrey;Tully;299;3;51;3;51;1;1;0;0;1;0;0;0
622;Oznak zo Pahl;None;299;3;57;3;57;1;1;0;0;1;0;0;0
623;Palla;Stark;NA;2;46;NA;NA;0;0;0;1;0;0;0;225
624;Parmen Crane;Baratheon;NA;2;22;NA;NA;1;1;0;1;0;0;0;249
625;Patchface;Baratheon;NA;2;0;NA;NA;1;0;0;1;1;0;1;271
626;Pate (novice);None;300;4;0;4;0;1;0;0;0;0;1;0;0
627;Pate (Lancewood);None;299;3;34;3;34;1;0;0;0;1;0;0;0
628;Pate (Night's Watch);Night's Watch;NA;1;60;NA;NA;1;0;1;0;0;0;0;284
629;Pate (Old);None;NA;3;13;NA;34;1;0;0;0;1;0;0;188
630;Patrek of King's Mountain;Baratheon;300;5;44;5;69;1;1;0;0;0;0;1;25
631;Patrek Mallister;Tully;NA;1;28;NA;NA;1;1;1;0;1;0;0;316
632;Paxter Redwyne;Tyrell;NA;2;65;NA;NA;1;1;0;1;1;1;0;206
633;Pello;None;NA;3;17;NA;NA;1;0;0;0;1;0;0;184
634;Penny;None;NA;3;60;NA;NA;0;0;0;0;1;0;1;141
635;Perros Blackmont;Martell;NA;3;38;NA;NA;1;1;0;0;1;0;0;163
636;Perwyn Frey;None;NA;1;29;NA;NA;1;1;1;1;0;0;0;315
637;Petyr Baelish;None;NA;1;18;NA;NA;1;0;1;1;1;1;0;326
638;Petyr Frey;None;300;3;49;3;NA;1;1;0;0;1;0;0;NA
639;Philip Foote;Lannister;NA;2;65;NA;NA;1;1;0;1;1;0;0;206
640;Pia;None;NA;2;30;NA;NA;0;0;0;1;0;1;0;241
641;Podrick Payne;Lannister;NA;1;62;NA;NA;1;1;1;1;1;1;0;282
642;Polliver;None;300;2;26;3;27;1;0;0;1;1;0;0;71
643;Pono;None;NA;1;68;NA;NA;1;1;1;0;0;0;0;276
644;Porridge;Baratheon;NA;3;25;NA;NA;1;0;0;0;1;0;0;176
645;Porther;Stark;299;1;22;2;21;1;0;1;1;0;0;0;72
646;Poul Pemford;Tully;299;2;39;2;39;1;0;0;1;0;0;0;0
647;Poxy Tym;Stark;299;2;16;2;69;1;0;0;1;0;0;0;53
648;Praed;None;299;2;5;2;9;1;0;0;1;0;0;0;4
649;Prendahl na Ghezn;None;299;3;42;3;42;1;0;0;0;1;0;0;0
650;Preston Greenfield;Baratheon;299;1;43;2;41;1;0;1;1;0;0;0;71
651;Pyat Pree;None;NA;2;12;NA;NA;1;1;0;1;0;0;0;259
652;Pycelle;Lannister;300;1;20;5;NA;1;0;1;1;1;1;1;NA
653;Pyg;None;300;3;20;4;20;1;0;0;0;1;1;0;82
654;Pylos;Baratheon;NA;2;0;NA;NA;1;0;0;1;1;0;0;271
655;Pypar;Night's Watch;NA;1;19;NA;NA;1;0;1;0;1;1;1;325
656;Qarl Shepherd;Greyjoy;NA;5;26;NA;NA;1;0;0;0;0;0;1;47
657;Qarl the Maid;Greyjoy;NA;2;42;NA;NA;1;0;0;1;0;1;1;229
658;Qezza;None;NA;5;2;NA;NA;0;0;0;0;0;0;1;71
659;Qhorin Halfhand;Night's Watch;299;2;43;2;68;1;0;0;1;0;0;0;25
660;Qotho;None;298;1;11;1;61;1;0;1;0;0;0;0;50
661;Quaithe;None;NA;2;12;NA;NA;0;1;0;1;1;0;1;259
662;Quaro;Targaryen;298;1;50;1;64;1;0;1;0;0;0;0;14
663;Quellon Humble;Greyjoy;NA;4;18;NA;NA;1;1;0;0;0;1;0;101
664;Quent;Stark;NA;1;37;NA;NA;1;0;1;0;0;0;0;307
665;Quenten Banefort;Lannister;NA;4;16;NA;NA;1;1;0;0;0;1;0;103
666;Quentyn Martell;Martell;300;5;6;5;70;1;1;0;0;0;0;1;64
667;Quhuru Mo;None;NA;2;27;NA;NA;1;0;0;1;0;1;0;244
668;Qyburn;Lannister;NA;2;64;NA;NA;1;0;0;1;1;1;1;207
669;Quort;Wildling;299;3;41;3;55;1;0;0;0;1;0;0;14
670;Qyle;Night's Watch;299;2;2;2;2;1;0;0;1;0;0;0;0
671;Rafford;None;NA;2;19;NA;NA;1;0;0;1;0;1;0;252
672;Ragnor Pyke;Greyjoy;NA;4;29;NA;NA;1;0;0;0;0;1;0;90
673;Ragwyle;Wildling;NA;2;68;NA;NA;0;0;0;1;0;0;0;203
674;Rakharo;Targaryen;NA;1;54;NA;NA;1;0;1;1;1;0;1;290
675;Ralf Kenning;Greyjoy;300;4;18;5;20;1;0;0;0;0;1;1;48
676;Ralf Stonehouse;Greyjoy;NA;5;18;NA;NA;1;1;0;0;0;0;1;55
677;Ralf the Limper;Greyjoy;NA;4;18;NA;NA;1;0;0;0;0;1;1;101
678;Ramsay Snow;None;NA;2;16;NA;NA;1;1;0;1;0;0;1;255
679;Randa;None;299;3;34;3;34;0;0;0;0;1;0;0;0
680;Randyll Tarly;Tyrell;NA;2;22;NA;NA;1;1;0;1;0;1;1;249
681;Rast;Night's Watch;299;1;55;3;26;1;0;1;0;1;0;0;114
682;Ravella Swann;Tully;NA;3;22;NA;NA;0;1;0;0;1;0;0;179
683;Raymar Royce;Arryn;NA;3;45;NA;NA;1;1;0;0;1;0;0;156
684;Raymun Darry;Targaryen;298;1;16;1;55;1;1;1;0;0;0;0;39
685;Raymund Frey;None;NA;3;49;NA;NA;1;1;0;0;1;0;0;152
686;Raynald Westerling;Stark;299;3;14;3;44;1;1;0;0;1;1;0;30
687;Red Alyn;Night's Watch;300;3;55;3;69;1;0;0;0;1;0;0;14
688;Red Rolfe;Greyjoy;299;2;66;2;66;1;0;0;1;0;0;0;0
689;Reek;None;299;2;16;2;35;1;0;0;1;0;0;0;19
690;Renly Baratheon;Baratheon;299;1;15;2;33;1;1;1;1;0;0;0;91
691;Reysen;Night's Watch;NA;2;5;NA;NA;1;0;0;1;0;0;0;266
692;Reznak mo Reznak;None;NA;5;2;NA;NA;1;1;0;0;0;0;1;71
693;Rhaegar Frey;None;300;5;19;5;29;1;1;0;0;0;0;1;10
694;Rhogoro;None;NA;1;3;NA;NA;1;1;1;0;0;0;0;341
695;Ricasso;Martell;NA;4;2;NA;NA;1;0;0;0;0;1;1;117
696;Richard Horpe;Baratheon;NA;5;17;NA;NA;1;1;0;0;0;0;1;56
697;Rickard Karstark;Stark;299;1;53;3;20;1;1;1;1;1;0;0;110
698;Rickard Ryswell;Stark;NA;5;20;NA;NA;1;1;0;0;0;0;1;53
699;Rickon Stark;Stark;NA;1;7;NA;NA;1;1;1;1;0;0;0;337
700;Rigney;None;NA;4;11;NA;NA;1;0;0;0;0;1;0;108
701;Robar Royce;Baratheon;299;1;29;2;6;1;1;1;1;1;0;0;50
702;Robb Stark;Stark;299;1;1;3;51;1;1;1;1;1;0;0;193
703;Robert Baratheon;Baratheon;298;1;4;1;47;1;1;1;0;0;0;0;43
704;Robert Arryn;Arryn;NA;1;40;NA;NA;1;1;1;0;1;1;0;304
705;Robett Glover;Stark;NA;1;53;NA;NA;1;1;1;1;0;0;1;291
706;Robin Flint;Stark;299;1;63;3;51;1;1;1;1;1;0;0;131
707;Robin Moreland;Lannister;NA;4;16;NA;NA;1;1;0;0;0;1;0;103
708;Robin Ryger;Tully;NA;2;7;NA;NA;1;1;0;1;1;1;0;264
709;Rodrik Cassel;Stark;299;1;7;2;66;1;1;1;1;0;0;0;132
710;Rodrik Harlaw;Greyjoy;NA;4;11;NA;NA;1;1;0;0;0;1;0;108
711;Rodrik Ryswell;None;NA;5;32;NA;NA;1;1;0;0;0;0;1;41
712;Roger Hogg;Lannister;NA;4;27;NA;NA;1;1;0;0;0;1;0;92
713;Roger Ryswell;Stark;NA;5;20;NA;NA;1;1;0;0;0;0;1;53
714;Roland Crakehall (Lord);Lannister;NA;2;32;NA;NA;1;1;0;1;0;0;0;239
715;Rolder;Lannister;NA;4;21;NA;NA;1;0;0;0;0;1;0;98
716;Rolfe;Greyjoy;NA;2;24;NA;NA;1;0;0;1;0;0;0;247
717;Rollam Westerling;Stark;NA;3;14;NA;NA;1;1;0;0;1;0;0;187
718;Rolfe the Dwarf;Greyjoy;300;5;26;5;26;1;0;0;0;0;0;1;0
719;Rolley;Night's Watch;299;3;0;3;33;1;0;0;0;1;0;0;33
720;Rolly Duckfield;Targaryen;NA;5;8;NA;NA;1;0;0;0;0;0;1;65
721;Rolph Spicer;Lannister;NA;3;14;NA;NA;1;1;0;0;1;0;0;187
722;Romny Weaver;Greyjoy;NA;4;18;NA;NA;1;1;0;0;0;1;0;101
723;Ronald Storm;None;NA;5;61;NA;NA;1;0;0;0;0;0;1;12
724;Ronnel Harclay;Night's Watch;NA;3;48;NA;NA;1;1;0;0;1;0;0;153
725;Ronnet Connington;Baratheon;NA;2;22;NA;NA;1;1;0;1;0;1;1;249
726;Roose Bolton;Stark;NA;1;33;NA;NA;1;1;1;1;1;0;1;311
727;Roose Ryswell;None;NA;5;32;NA;NA;1;1;0;0;0;0;1;41
728;Rorge;None;300;2;1;4;37;1;0;0;1;1;1;0;188
729;Roslin Frey;None;NA;3;35;NA;NA;0;1;0;0;1;0;0;166
730;Rowan;Wildling;300;5;37;5;69;1;0;0;0;0;0;1;32
731;Rudge;Night's Watch;NA;1;60;NA;NA;1;0;1;0;0;0;0;284
732;Rusty Flowers;Night's Watch;NA;5;7;NA;NA;1;0;0;0;0;0;1;66
733;Ryger Rivers;None;NA;1;59;NA;NA;1;0;1;0;0;0;0;285
734;Ryk;Wildling;NA;3;7;NA;NA;1;0;0;0;1;0;0;194
735;Rupert Brax;Lannister;299;2;32;2;32;1;0;0;1;0;0;0;0
736;Ryman Frey;None;300;3;14;4;44;1;1;0;0;1;1;0;112
737;Rymolf Stormdrunk;Greyjoy;NA;2;24;NA;NA;1;0;0;1;0;0;0;247
738;Ryon Allyrion;Martell;NA;3;38;NA;NA;1;1;0;0;1;0;1;163
739;Salladhor Saan;Baratheon;NA;2;0;NA;NA;1;1;0;1;1;0;0;271
740;Sallor;None;299;3;42;3;42;1;0;0;0;1;0;0;0
741;Samwell Tarly;Night's Watch;NA;1;70;NA;NA;1;1;1;1;1;1;1;274
742;Sandor Clegane;None;300;1;7;4;31;1;1;1;1;1;1;0;249
743;Sawane Botley;Greyjoy;299;4;1;4;18;1;1;0;0;0;1;0;17
744;Sansa Stark;Stark;NA;1;7;NA;NA;0;1;1;1;1;1;0;337
745;Sarella Sand;Martell;NA;4;2;NA;NA;0;0;0;0;0;1;0;117
746;Sarra Frey;None;NA;3;49;NA;NA;0;1;0;0;1;0;0;152
747;Satin;Night's Watch;NA;2;6;NA;NA;1;0;0;1;1;0;1;265
748;Sawwood;Night's Watch;NA;3;0;NA;NA;1;0;0;0;1;0;0;201
749;Sedgekins;None;NA;3;50;NA;NA;1;0;0;0;1;0;0;151
750;Selyse Florent;Baratheon;NA;2;0;NA;NA;0;1;0;1;1;0;1;271
751;Senelle;Lannister;300;4;3;4;24;0;0;0;0;0;1;0;21
752;Serra Frey;None;NA;3;49;NA;NA;0;1;0;0;1;0;0;152
753;Shadrich;None;NA;4;4;NA;NA;1;0;0;0;0;1;0;115
754;Shae;Lannister;300;1;62;3;77;0;0;1;1;1;0;0;158
755;Shagga;Lannister;NA;1;39;NA;NA;1;0;1;1;0;0;0;305
756;Shagwell;None;300;2;30;4;20;1;0;0;1;1;1;0;142
757;Sharna;None;NA;3;11;NA;NA;0;0;0;0;1;0;0;190
758;Shireen Baratheon;Baratheon;NA;2;0;NA;NA;0;1;0;1;1;0;1;271
759;Shirei Frey;None;NA;3;49;NA;NA;0;1;0;0;1;0;0;152
760;Shyra Errol;Baratheon;300;2;42;4;NA;0;1;0;1;0;0;0;NA
761;Sigfry Stonetree;Greyjoy;NA;4;19;NA;NA;1;1;0;0;0;1;0;100
762;Skahaz mo Kandaq;None;NA;5;2;NA;NA;1;1;0;0;0;0;1;71
763;Skinner;None;NA;5;12;NA;NA;1;0;0;0;0;0;1;61
764;Small Paul;Night's Watch;299;3;0;3;18;1;0;0;0;1;0;0;18
765;Softfoot;Night's Watch;299;3;0;3;18;1;0;0;0;1;0;0;18
766;Sour Alyn;None;NA;5;12;NA;NA;1;0;0;0;0;0;1;61
767;Spare Boot;Night's Watch;NA;3;55;NA;NA;1;0;0;0;1;0;0;146
768;Spotted Cat;None;NA;5;11;NA;NA;1;0;0;0;0;0;1;62
769;Spotted Pate of Maidenpool;Night's Watch;299;3;0;3;55;1;0;0;0;1;0;0;55
770;Squint;Greyjoy;299;2;50;2;50;1;0;0;1;0;0;0;0
771;Squirrel;Wildling;300;5;37;5;69;0;0;0;0;0;0;1;32
772;Stalwart Shield;Targaryen;300;5;2;5;2;1;0;0;0;0;0;1;0
773;Steelskin;None;NA;5;11;NA;NA;1;0;0;0;0;0;1;62
774;Steffon Swyft;Lannister;NA;4;27;NA;NA;1;1;0;0;0;1;0;92
775;Stevron Frey;Stark;299;1;59;2;35;1;1;1;1;0;0;0;49
776;Stiv;Wildling;298;1;37;1;37;1;0;1;0;0;0;0;0
777;Stone Thumbs;Wildling;299;3;41;3;55;1;0;0;0;1;0;0;14
778;Stonesnake;Night's Watch;NA;2;43;NA;NA;1;0;0;1;0;0;0;228
779;Stygg;Greyjoy;NA;2;37;NA;NA;1;0;0;1;0;0;0;234
780;Styr;Wildling;300;3;7;3;26;1;1;0;0;1;0;0;19
781;Sybassion;None;NA;2;63;NA;NA;1;0;0;1;0;0;0;208
782;Sybell Spicer;Lannister;NA;3;14;NA;NA;0;1;0;0;1;1;0;187
783;Sybelle Glover;Stark;NA;5;26;NA;NA;0;1;0;0;0;0;1;47
784;Sylva Santagar;Martell;NA;4;21;NA;NA;0;1;0;0;0;1;0;98
785;Symon Silver Tongue;Lannister;299;2;44;3;32;1;0;0;1;1;0;0;58
786;Symon Stripeback;Targaryen;NA;5;70;NA;NA;1;0;0;0;0;0;1;3
787;Symond Frey;None;300;5;19;5;29;1;1;0;0;0;0;1;10
788;Symond Templeton;Arryn;NA;4;10;NA;NA;1;1;0;0;0;1;0;109
789;Syrio Forel;Stark;298;1;22;1;50;1;0;1;0;0;0;0;28
790;Taena of Myr;Lannister;NA;3;6;NA;NA;0;1;0;0;1;1;0;195
791;Tal Toraq;Targaryen;NA;5;70;NA;NA;1;0;0;0;0;0;1;3
792;Tallad;Lannister;NA;2;17;NA;NA;1;0;0;1;1;1;0;254
793;Tanda Stokeworth;Lannister;300;2;2;4;32;0;1;0;1;1;0;0;182
794;Tanton Fossoway;Baratheon;NA;2;22;NA;NA;1;1;0;1;0;0;0;249
795;Ternesio Terys;None;NA;3;74;NA;NA;1;0;0;0;1;0;0;127
796;Terrance Lynderly;Arryn;NA;4;41;NA;NA;1;1;0;0;0;1;0;78
797;The Red Lamb;Targaryen;NA;5;67;NA;NA;1;0;0;0;0;0;1;6
798;Theo Frey;None;NA;1;29;NA;NA;1;1;1;0;0;0;0;315
799;Theodan Wells;Stark;NA;4;43;NA;NA;1;1;0;0;0;1;1;76
800;Theomore Lannister;None;NA;5;19;NA;NA;1;1;0;0;0;0;1;54
801;Theon Greyjoy;Greyjoy;NA;1;1;NA;NA;1;1;1;1;0;0;1;343
802;Thistle;Wildling;300;5;0;5;0;0;0;0;0;0;0;1;0
803;Thoren Smallwood;Night's Watch;299;2;6;3;18;1;1;0;1;1;0;0;82
804;Thoros;None;NA;1;29;NA;NA;1;0;1;0;1;1;0;315
805;Three Toes;None;NA;3;44;NA;NA;1;0;0;0;1;0;0;157
806;Three-Tooth;Greyjoy;NA;4;11;NA;NA;0;0;0;0;0;1;0;108
807;Tickler;Lannister;300;2;26;3;74;1;0;0;1;1;0;0;118
808;Tim Tangletongue;Night's Watch;NA;3;69;NA;NA;1;0;0;0;1;0;0;132
809;Timeon;None;300;3;21;4;20;1;0;0;0;1;1;0;81
810;Timett;Lannister;NA;1;56;NA;NA;1;0;1;1;0;0;0;288
811;Timon;Baratheon;NA;2;65;NA;NA;1;0;0;1;0;0;0;206
812;Tion Frey;Lannister;299;3;20;3;20;0;1;0;0;1;0;0;0
813;Tobho Mott;None;NA;1;27;NA;NA;1;0;1;0;1;0;0;317
814;Todder;Night's Watch;NA;1;19;NA;NA;1;0;1;0;1;0;1;325
815;Todric;Greyjoy;299;2;37;2;37;1;0;0;1;0;0;0;0
816;Tom of Sevenstreams;None;NA;3;13;NA;NA;1;0;0;0;1;1;0;188
817;Tomard;Stark;298;1;22;1;49;1;0;1;0;0;0;0;27
818;Tormund;Wildling;NA;3;7;NA;NA;1;1;0;0;1;0;1;194
819;Torrek;None;NA;1;42;NA;NA;1;0;1;0;0;0;0;302
820;Torrhen Karstark;Stark;298;1;53;1;63;1;1;1;0;0;0;0;10
821;Tothmure;Lannister;299;2;30;2;64;1;0;0;1;0;0;0;34
822;Tregar;Lannister;298;1;35;1;39;1;0;1;0;0;0;0;4
823;Tremond Gargalen;Martell;NA;3;38;NA;NA;1;1;0;0;1;0;1;163
824;Tristifer Botley;Greyjoy;NA;4;11;NA;NA;1;1;0;0;0;1;1;108
825;Triston Sunderland;Lannister;NA;5;9;NA;NA;1;1;0;0;0;0;1;64
826;Tuffleberry;None;NA;2;38;NA;NA;1;0;0;1;0;0;0;233
827;Tumberjon;Night's Watch;NA;3;0;NA;NA;1;0;0;0;1;0;0;201
828;Tumco Lho;Targaryen;NA;5;67;NA;NA;1;0;0;0;0;0;1;6
829;Tybero Istarion;None;NA;5;66;NA;NA;1;0;0;0;0;0;1;7
830;Tycho Nestoris;None;NA;5;44;NA;NA;1;0;0;0;0;0;1;29
831;Tyene Sand;Martell;NA;4;38;NA;NA;0;1;0;0;0;1;1;81
832;Tymor;Greyjoy;299;2;37;2;66;1;0;0;1;0;0;0;29
833;Tyrek Lannister;Lannister;299;1;30;2;41;1;1;1;1;0;0;0;84
834;Tyrion Lannister;Lannister;NA;1;4;NA;NA;1;1;1;1;1;0;1;340
835;Tyta Frey;None;NA;3;49;NA;NA;0;1;0;0;1;0;0;152
836;Tytos Blackwood;Tully;NA;1;56;NA;NA;1;1;1;0;1;0;1;288
837;Tytos Brax;Lannister;NA;1;63;NA;NA;1;1;1;1;0;0;0;281
838;Tytos Frey;None;299;3;NA;3;NA;1;1;0;0;1;0;0;NA
839;Tywin Lannister;Lannister;300;1;42;3;77;1;1;1;1;1;0;0;178
840;Ulf son of Umar;Lannister;298;1;56;1;62;1;0;1;0;0;0;0;6
841;Ulf the Ill;Greyjoy;299;2;66;2;66;1;0;0;1;0;0;0;0
842;Ulmer;Night's Watch;NA;3;33;NA;NA;1;0;0;0;1;0;1;168
843;Ulwyck Uller;Martell;NA;3;38;NA;NA;1;1;0;0;1;0;1;163
844;Umar;None;NA;1;56;NA;NA;1;0;1;0;0;0;0;288
845;Umfred;None;NA;3;68;NA;NA;1;0;0;0;1;0;0;133
846;Unella;None;NA;4;43;NA;NA;1;0;0;0;0;1;0;76
847;Urreg;Night's Watch;299;2;14;2;19;1;0;0;1;0;0;0;5
848;Urswyck;None;NA;3;21;NA;NA;1;0;0;0;1;0;0;180
849;Utherydes Wayn;Tully;NA;1;71;NA;NA;1;0;1;1;1;0;0;273
850;Utt;None;299;2;30;3;39;1;0;0;1;1;0;0;79
851;Val;Wildling;NA;3;7;NA;NA;0;0;0;0;1;0;1;194
852;Varamyr;Wildling;300;3;15;5;0;1;0;0;0;1;0;1;113
853;Vardis Egen;Arryn;298;1;34;1;40;1;0;1;0;0;0;0;6
854;Vargo Hoat;None;300;2;30;3;20;1;0;0;1;1;0;0;60
855;Varys;Targaryen;NA;1;25;NA;NA;1;0;1;1;1;0;1;319
856;Vayon Poole;Stark;298;1;7;1;21;1;0;1;1;0;0;0;14
857;Victarion Greyjoy;Greyjoy;NA;2;24;NA;NA;1;1;0;1;0;1;1;247
858;Viserys Targaryen;Targaryen;298;1;3;1;46;1;1;1;0;0;0;0;43
859;Vylarr;Lannister;NA;2;3;NA;NA;1;0;0;1;0;0;0;268
860;Vyman;Tully;NA;2;55;NA;NA;1;0;0;1;1;1;0;216
861;Waif;None;NA;4;6;NA;NA;0;0;0;0;0;1;1;113
862;Walda Rivers (daughter of Aemon);None;NA;3;49;NA;NA;0;1;0;0;1;0;0;152
863;Walder Frey;None;NA;1;28;NA;NA;1;1;1;0;1;0;0;316
864;Walder Rivers;None;NA;3;35;NA;NA;1;1;0;0;1;1;0;166
865;Wallen;Wildling;298;1;37;1;37;1;0;1;0;0;0;0;0
866;Walton;None;NA;2;64;NA;NA;1;0;0;1;1;0;1;207
867;Wat (orphan);None;NA;4;37;NA;NA;1;0;0;0;0;1;0;82
868;Wat (sailor);None;NA;4;34;NA;NA;1;0;0;0;0;1;0;85
869;Watt;Night's Watch;299;3;69;3;75;1;0;0;0;1;0;0;6
870;Watty;None;NA;3;39;NA;NA;1;0;0;0;1;0;0;162
871;Waymar Royce;Night's Watch;297;1;0;1;0;1;1;1;0;0;0;0;0
872;Wayn (guard);Stark;NA;1;37;NA;NA;1;0;1;0;0;0;0;307
873;Weasel;None;NA;2;9;NA;NA;0;0;0;1;0;0;0;262
874;Weeper;Wildling;NA;3;7;NA;NA;1;1;0;0;1;0;0;194
875;Weese;Lannister;299;2;26;2;38;1;0;0;1;0;0;0;12
876;Wendel Manderly;Stark;299;1;55;3;51;1;1;1;1;1;0;0;139
877;Wendello Qar Deeth;None;NA;2;40;NA;NA;1;1;0;1;0;0;0;231
878;Werlag;Greyjoy;299;2;37;2;66;1;0;0;1;0;0;0;29
879;Wex Pyke;Stark;NA;2;24;NA;NA;1;0;0;1;0;0;1;247
880;Whalen Frey;None;NA;1;59;NA;NA;1;1;1;0;1;0;0;285
881;Wilbert;Stark;298;3;29;3;29;1;0;0;0;1;0;0;0
882;Will;Night's Watch;297;1;0;1;0;1;0;1;0;0;0;0;0
883;Will (orphan);None;NA;4;37;NA;NA;1;0;0;0;0;1;0;82
884;Willam Wells;Martell;300;5;6;5;6;1;0;0;0;0;0;1;0
885;Willem Lannister;Lannister;299;3;19;3;20;1;1;0;0;1;0;0;1
886;William Mooton;Tully;NA;4;14;NA;NA;1;1;0;0;0;1;0;105
887;Willis Wode;Arryn;NA;1;31;NA;NA;1;1;1;0;0;0;0;313
888;Willit;Lannister;NA;2;65;NA;NA;1;0;0;1;0;0;0;206
889;Willow Witch-eye;Wildling;300;5;37;5;69;0;0;0;0;0;0;1;32
890;Willum;Tully;NA;1;43;NA;NA;1;0;1;0;0;0;0;301
891;Woth;Night's Watch;299;2;14;2;14;1;0;0;1;0;0;0;0
892;Wulfe;Greyjoy;NA;4;29;NA;NA;1;0;0;0;0;1;1;90
893;Wun Weg Wun Dar Wun;Wildling;NA;5;35;NA;NA;1;0;0;0;0;0;1;38
894;Wyl (guard);Stark;298;1;35;1;35;1;0;1;0;0;0;0;0
895;Wyl the Whittler;None;299;3;34;3;34;1;0;0;0;1;0;0;0
896;Wylis Manderly;Stark;NA;1;55;NA;NA;1;1;1;1;0;1;0;289
897;Wylla Manderly;Stark;NA;5;19;NA;NA;0;1;0;0;0;0;1;54
898;Wyman Manderly;Stark;NA;2;16;NA;NA;1;1;0;1;0;0;1;255
899;Wynafryd Manderly;Stark;NA;5;19;NA;NA;1;1;0;0;0;0;1;54
900;Wynton Stout;Night's Watch;NA;3;41;NA;NA;1;0;0;0;1;0;0;160
901;Xaro Xhoan Daxos;None;NA;2;12;NA;NA;1;1;0;1;0;0;1;259
902;Xhondo;None;NA;4;26;NA;NA;1;0;0;0;0;1;0;93
903;Yandry;Targaryen;NA;5;8;NA;NA;1;0;0;0;0;0;1;65
904;Yellow Dick;None;300;5;12;5;46;1;0;0;0;0;0;1;34
905;Ygon Farwynd;Greyjoy;NA;4;19;NA;NA;1;1;0;0;0;1;0;100
906;Ygritte;Wildling;299;2;51;3;55;0;0;0;1;1;0;0;74
907;Yohn Farwynd;Greyjoy;NA;4;19;NA;NA;1;1;0;0;0;1;0;100
908;Yohn Royce;Arryn;NA;1;29;NA;NA;1;1;1;0;0;1;0;315
909;Yoren;Night's Watch;299;1;13;2;19;1;0;1;1;0;0;0;79
910;Young Henly;Night's Watch;299;3;55;3;55;1;0;0;0;1;0;0;0
911;Ysilla;Targaryen;NA;5;8;NA;NA;1;0;0;0;0;0;1;65
912;Zei;Stark;NA;3;64;NA;NA;0;0;0;0;1;0;0;137
913;Zollo;None;NA;3;21;NA;NA;1;0;0;0;1;0;0;180
914;Yurkhaz zo Yunzak;None;300;5;47;5;59;1;0;0;0;0;0;1;12
915;Yezzan Zo Qaggaz;None;300;5;25;5;57;1;1;0;0;0;0;1;32
916;Torwynd the Tame;Wildling;300;3;73;5;73;1;0;0;0;1;0;0;128
917;Talbert Serry;Tyrell;300;4;29;4;29;1;1;0;0;0;1;0;0